topic_id,topic_name,stock_code,stock_name,industry_name,article_count,total_invested
20,科技股,2408,南亞科,半導體業,4,129674216968.0
20,科技股,2317,鴻海,其他電子業,9,100630690625.5
20,科技股,2330,台積電,半導體業,1,83240512095.0
20,科技股,2301,光寶科,電腦及週邊設備業,4,55834780140.0
20,科技股,2454,聯發科,半導體業,3,53967900135.0
20,科技股,2409,友達,光電業,6,51775421350.3203
20,科技股,2337,旺宏,半導體業,2,23043953225.0
20,科技股,2344,華邦電,半導體業,1,20291149935.0
20,科技股,3037,欣興,電子零組件業,1,18120521760.0
20,科技股,8046,南電,電子零組件業,2,16600343760.0
20,科技股,6770,力積電,半導體業,1,14201891524.916054
20,科技股,2308,台達電,電子零組件業,1,13473809055.0
20,科技股,4958,臻鼎-KY,電子零組件業,1,10096994336.0
20,科技股,2382,廣達,電腦及週邊設備業,2,7872351254.0
20,科技股,3006,晶豪科,半導體業,1,7373984194.0
20,科技股,3231,緯創,電腦及週邊設備業,1,4844801632.0
20,科技股,2481,強茂,半導體業,1,4619924578.5
20,科技股,2451,創見,半導體業,1,3353103101.0
20,科技股,3443,創意,半導體業,1,3315050580.0
20,科技股,2376,技嘉,電腦及週邊設備業,1,2123292843.0
20,科技股,3008,大立光,光電業,1,2001675840.0
20,科技股,3090,日電貿,電子零組件業,2,1970197456.0
20,科技股,2027,大成鋼,鋼鐵工業,2,1548091817.1648254
20,科技股,3714,富采,光電業,1,1547371225.5198212
20,科技股,3701,大眾控,電腦及週邊設備業,1,1497023682.0
20,科技股,2379,瑞昱,半導體業,1,1431811135.0
20,科技股,2498,宏達電,通信網路業,6,1192569825.6484337
20,科技股,1717,長興,化學工業,1,1112309627.247429
20,科技股,2324,仁寶,電腦及週邊設備業,1,1034204039.75
20,科技股,6176,瑞儀,光電業,2,879485984.0
20,科技股,2354,鴻準,其他電子業,1,810205287.3663635
20,科技股,2105,正新,橡膠工業,1,434647543.86909866
20,科技股,1503,士電,電機機械,1,429740065.0
20,科技股,6505,台塑化,油電燃氣業,1,322303652.8622856
20,科技股,2355,敬鵬,電子零組件業,1,285943565.37926483
20,科技股,2615,萬海,航運業,1,185675482.86044312
20,科技股,2363,矽統,半導體業,1,174159747.0
20,科技股,2347,聯強,電子通路業,1,158651890.91560364
20,科技股,2340,台亞,半導體業,1,138617731.83872223
20,科技股,3545,敦泰,半導體業,1,109975241.84918976
20,科技股,2328,廣宇,電子零組件業,1,106349382.88440704
20,科技股,2323,中環,光電業,1,67576563.46644402
20,科技股,2207,和泰車,汽車工業,1,62550375.0
20,科技股,3060,銘異,電腦及週邊設備業,1,58550762.49485207
20,科技股,2392,正崴,電子零組件業,1,43743695.65951538
20,科技股,2030,彰源,鋼鐵工業,3,32769396.0
20,科技股,2206,三陽工業,汽車工業,1,25903535.719696045
20,科技股,1810,和成,玻璃陶瓷,1,17205792.0
20,科技股,2025,千興,鋼鐵工業,1,16894505.582752228
20,科技股,2015,豐興,鋼鐵工業,3,13518223.061908722
20,科技股,2258,鴻華先進-創,汽車工業,1,11777814.293180466
20,科技股,2462,良得電,電子零組件業,1,10501000.0
20,科技股,5203,訊連,資訊服務業,1,5938066.54069519
20,科技股,2028,威致,鋼鐵工業,1,2652341.492362976
20,科技股,1530,亞崴,電機機械,1,483496.156999588
20,科技股,1475,業旺,紡織纖維,1,221600.0061035156
20,科技股,1233,天仁,食品工業,1,176810.1976661682
20,科技股,3260,威剛,半導體業,1,0.0
20,科技股,3479,安勤,電腦及週邊設備業,1,0.0
20,科技股,3490,單井,光電業,1,0.0
20,科技股,3707,漢磊,半導體業,1,0.0
20,科技股,5351,鈺創,半導體業,1,0.0
20,科技股,6150,撼訊,電腦及週邊設備業,1,0.0
20,科技股,6665,康聯生醫,生技醫療業,1,0.0
20,科技股,7843,英柏得,半導體業,2,0.0
20,科技股,8086,宏捷科,半導體業,2,0.0
20,科技股,8227,巨有科技,半導體業,1,0.0
8,台股個股,2330,台積電,半導體業,4,186553034255.59595
8,台股個股,2454,聯發科,半導體業,2,70792153295.0
8,台股個股,2308,台達電,電子零組件業,3,56012342585.0
8,台股個股,2408,南亞科,半導體業,1,36244984958.0
8,台股個股,3037,欣興,電子零組件業,1,18120521760.0
8,台股個股,2303,聯電,半導體業,1,14487503897.820488
8,台股個股,6770,力積電,半導體業,2,12088556612.306808
8,台股個股,2382,廣達,電腦及週邊設備業,2,10175576916.0
8,台股個股,3008,大立光,光電業,2,7337939761.043457
8,台股個股,1802,台玻,玻璃陶瓷,1,6654041640.0
8,台股個股,1326,台化,塑膠工業,6,6571336391.011074
8,台股個股,3661,世芯-KY,半導體業,1,5741056835.0
8,台股個股,1519,華城,電機機械,1,3786281731.0
8,台股個股,1101,台泥,水泥工業,5,3779049802.930084
8,台股個股,1301,台塑,塑膠工業,4,3627958973.8031044
8,台股個股,2481,強茂,半導體業,1,2865395479.520874
8,台股個股,2357,華碩,電腦及週邊設備業,1,2235183142.0
8,台股個股,2881,富邦金,金融保險,1,1784920325.0
8,台股個股,1795,美時,生技醫療業,1,1665750100.5
8,台股個股,2353,宏碁,電腦及週邊設備業,3,1486559647.4606323
8,台股個股,2376,技嘉,電腦及週邊設備業,1,1372977865.0
8,台股個股,2412,中華電,通信網路業,1,999428414.0
8,台股個股,8454,富邦媒,數位雲端,4,480422321.0
8,台股個股,6672,騰輝電子-KY,電子零組件業,1,472184922.0
8,台股個股,2912,統一超,貿易百貨,3,444918375.0
8,台股個股,1102,亞泥,水泥工業,2,435775208.98955536
8,台股個股,1513,中興電,電機機械,1,428245492.5
8,台股個股,2406,國碩,光電業,1,340828454.57710266
8,台股個股,4961,天鈺,半導體業,2,322975833.0
8,台股個股,3545,敦泰,半導體業,4,255286634.22468185
8,台股個股,2375,凱美,電子零組件業,1,249223530.7834854
8,台股個股,8422,可寧衛*,綠能環保,2,188898112.56886292
8,台股個股,4915,致伸,電子零組件業,1,157263786.9608612
8,台股個股,2498,宏達電,通信網路業,1,145575285.9301033
8,台股個股,1319,東陽,汽車工業,1,124155973.17105104
8,台股個股,2009,第一銅,鋼鐵工業,1,109411293.25
8,台股個股,2637,慧洋-KY,航運業,1,90898708.68965147
8,台股個股,1440,南紡,紡織纖維,3,62438868.0
8,台股個股,1314,中石化,塑膠工業,1,59419734.09841013
8,台股個股,2025,千興,鋼鐵工業,2,42267246.37719822
8,台股個股,1231,聯華食,食品工業,1,38611843.17798615
8,台股個股,6869,雲豹能源,綠能環保,1,37090706.4270401
8,台股個股,2707,晶華,觀光餐旅,1,30648254.5
8,台股個股,2104,國際中橡,橡膠工業,1,26456719.094848637
8,台股個股,1218,泰山,食品工業,2,25226720.51078415
8,台股個股,2614,東森,其他,1,24344166.0
8,台股個股,2010,春源,鋼鐵工業,1,20489931.0
8,台股個股,2023,燁輝,鋼鐵工業,1,17232902.03818226
8,台股個股,1312,國喬,塑膠工業,1,13085349.986680984
8,台股個股,1618,合機,電器電纜,1,12254457.315574646
8,台股個股,2030,彰源,鋼鐵工業,1,12017284.85735321
8,台股個股,9908,大台北,油電燃氣業,1,11413429.507793428
8,台股個股,1760,寶齡富錦,生技醫療業,1,10951683.733261108
8,台股個股,2405,輔信,電腦及週邊設備業,1,8804098.289523125
8,台股個股,2020,美亞,鋼鐵工業,1,4895858.0
8,台股個股,2905,三商,貿易百貨,1,1757874.6502304077
8,台股個股,1817,凱撒衛,玻璃陶瓷,1,741079.9854278564
8,台股個股,2911,麗嬰房,貿易百貨,1,251880.3709602356
8,台股個股,2024,志聯,鋼鐵工業,1,183415.04487419128
8,台股個股,2732,六角,觀光餐旅,1,0.0
8,台股個股,2752,豆府,觀光餐旅,1,0.0
8,台股個股,3078,僑威,電子零組件業,1,0.0
8,台股個股,3105,穩懋,半導體業,1,0.0
8,台股個股,3228,金麗科,半導體業,4,0.0
8,台股個股,3293,鈊象,文化創意業,2,0.0
8,台股個股,3357,臺慶科,電子零組件業,1,0.0
8,台股個股,3479,安勤,電腦及週邊設備業,1,0.0
8,台股個股,5904,寶雅,居家生活,1,0.0
8,台股個股,8058,耐特,其他電子業,1,0.0
8,台股個股,8069,元太,光電業,2,0.0
29,電子零組件,3481,群創,光電業,5,123262603100.96689
29,電子零組件,2330,台積電,半導體業,1,83240512095.0
29,電子零組件,3037,欣興,電子零組件業,1,18120521760.0
29,電子零組件,2313,華通,電子零組件業,1,16314615550.0
29,電子零組件,2303,聯電,半導體業,1,14487503897.820488
29,電子零組件,3231,緯創,電腦及週邊設備業,3,11619865514.0
29,電子零組件,3711,日月光投控,半導體業,1,9779954145.0
29,電子零組件,2409,友達,光電業,1,8629236891.72005
29,電子零組件,8210,勤誠,電腦及週邊設備業,2,8118658240.0
29,電子零組件,3008,大立光,光電業,2,7480311705.0
29,電子零組件,3450,聯鈞,半導體業,1,6036153548.5
29,電子零組件,2368,金像電,電子零組件業,2,5959862090.0
29,電子零組件,2449,京元電子,半導體業,1,5183635446.0
29,電子零組件,6669,緯穎,電腦及週邊設備業,1,3920473700.0
29,電子零組件,2059,川湖,電子零組件業,1,2780983450.0
29,電子零組件,2357,華碩,電腦及週邊設備業,1,2179199374.0
29,電子零組件,1717,長興,化學工業,1,2053094395.208168
29,電子零組件,6944,兆聯實業,綠能環保,1,1821150750.0
29,電子零組件,2379,瑞昱,半導體業,1,1431811135.0
29,電子零組件,6515,穎崴,半導體業,1,1240432480.0
29,電子零組件,3013,晟銘電,電腦及週邊設備業,2,1156131637.5
29,電子零組件,8114,振樺電,電腦及週邊設備業,1,1108598318.5
29,電子零組件,3035,智原,半導體業,1,992517288.0
29,電子零組件,6691,洋基工程,其他電子業,2,800820012.0
29,電子零組件,2883,凱基金,金融保險,1,667049526.2353477
29,電子零組件,2375,凱美,電子零組件業,1,599923029.2742386
29,電子零組件,1513,中興電,電機機械,1,428245492.5
29,電子零組件,6271,同欣電,半導體業,1,396433400.0
29,電子零組件,2388,威盛,半導體業,1,368731252.0
29,電子零組件,3048,益登,電子通路業,1,332698565.2033768
29,電子零組件,2498,宏達電,通信網路業,2,291150571.8602066
29,電子零組件,9958,世紀鋼,鋼鐵工業,1,205302667.5
29,電子零組件,6269,台郡,電子零組件業,1,156949080.09340286
29,電子零組件,2340,台亞,半導體業,1,138617731.83872223
29,電子零組件,1609,大亞,電器電纜,1,136908988.69033813
29,電子零組件,1736,喬山,運動休閒,2,104772480.0
29,電子零組件,6962,奕力-KY,半導體業,1,103188325.5
29,電子零組件,3515,華擎,電腦及週邊設備業,1,94950933.0
29,電子零組件,2453,凌群,資訊服務業,3,91585640.1290245
29,電子零組件,2241,艾姆勒,汽車工業,1,86365638.1266594
29,電子零組件,6658,聯策,其他電子業,1,75512470.0
29,電子零組件,2393,億光,光電業,1,55305877.757614136
29,電子零組件,6443,元晶,光電業,1,41986091.0
29,電子零組件,2527,宏璟,建材營造,2,40991449.47242737
29,電子零組件,2305,全友,電腦及週邊設備業,1,40876292.04796982
29,電子零組件,6550,北極星藥業-KY,生技醫療業,1,15868424.157260897
29,電子零組件,5215,科嘉-KY,電腦及週邊設備業,1,15583567.035186768
29,電子零組件,2429,銘旺科,光電業,3,11249019.0
29,電子零組件,4562,穎漢,電機機械,1,9519429.69789505
29,電子零組件,9955,佳龍,綠能環保,1,8368311.806055069
29,電子零組件,3557,嘉威,居家生活,1,3884344.538379669
29,電子零組件,2380,虹光,電腦及週邊設備業,1,472083.00079631805
29,電子零組件,1435,中福,其他,1,0.0
29,電子零組件,1595,川寶,電子零組件業,1,0.0
29,電子零組件,1785,光洋科,其他電子業,1,0.0
29,電子零組件,3081,聯亞,通信網路業,1,0.0
29,電子零組件,3086,華義,文化創意業,1,0.0
29,電子零組件,3163,波若威,通信網路業,1,0.0
29,電子零組件,3178,公準,半導體業,1,0.0
29,電子零組件,3287,廣寰科,電腦及週邊設備業,1,0.0
29,電子零組件,3689,湧德,電子零組件業,5,0.0
29,電子零組件,4126,太醫,生技醫療業,1,0.0
29,電子零組件,4147,中裕,生技醫療業,1,0.0
29,電子零組件,4154,樂威科-KY,其他,2,0.0
29,電子零組件,4939,亞電,電子零組件業,1,0.0
29,電子零組件,5310,天剛,資訊服務業,1,0.0
29,電子零組件,5340,建榮,電子零組件業,3,0.0
29,電子零組件,6163,華電網,通信網路業,1,0.0
29,電子零組件,6188,廣明,電腦及週邊設備業,1,0.0
29,電子零組件,6488,環球晶,半導體業,1,0.0
29,電子零組件,6508,惠光,農業科技業,1,0.0
29,電子零組件,6535,順藥,生技醫療業,1,0.0
29,電子零組件,6785,昱展新藥,生技醫療業,1,0.0
29,電子零組件,7584,樂意,文化創意業,1,0.0
29,電子零組件,8085,福華,其他電子業,1,0.0
29,電子零組件,8299,群聯,半導體業,8,0.0
7,半導操作,2330,台積電,半導體業,2,90629412925.0
7,半導操作,2454,聯發科,半導體業,4,66268405610.0
7,半導操作,2337,旺宏,半導體業,3,57053292012.5
7,半導操作,3443,創意,半導體業,1,13541493255.0
7,半導操作,3450,聯鈞,半導體業,1,10244520566.0
7,半導操作,2345,智邦,通信網路業,1,8739078120.0
7,半導操作,3035,智原,半導體業,2,4388683425.5
7,半導操作,2382,廣達,電腦及週邊設備業,2,4129543050.0
7,半導操作,8028,昇陽半導體,半導體業,1,3554284580.0
7,半導操作,1303,南亞,塑膠工業,1,2219314243.3904114
7,半導操作,3008,大立光,光電業,1,1895082720.0
7,半導操作,2884,玉山金,金融保險,1,1748918693.25
7,半導操作,6944,兆聯實業,綠能環保,1,1433655558.0
7,半導操作,2412,中華電,通信網路業,2,1308149717.0
7,半導操作,8114,振樺電,電腦及週邊設備業,1,1108598318.5
7,半導操作,3019,亞光,光電業,2,925797600.0
7,半導操作,2886,兆豐金,金融保險,3,861541441.8053055
7,半導操作,2882,國泰金,金融保險,1,612216470.8146057
7,半導操作,2474,可成,其他電子業,2,567302835.0
7,半導操作,2618,長榮航,航運業,1,501789027.2924347
7,半導操作,1216,統一,食品工業,1,499304388.8182449
7,半導操作,2385,群光,電子零組件業,1,484277392.0
7,半導操作,6456,GIS-KY,光電業,1,468125334.3646088
7,半導操作,2369,菱生,半導體業,1,440623088.0
7,半導操作,5234,達興材料,光電業,1,432324687.7975464
7,半導操作,1513,中興電,電機機械,1,428245492.5
7,半導操作,2885,元大金,金融保險,1,420413934.2517853
7,半導操作,2002,中鋼,鋼鐵工業,1,329786041.6362915
7,半導操作,2371,大同,電機機械,1,322641962.5
7,半導操作,2610,華航,航運業,1,316233340.0
7,半導操作,3592,瑞鼎,半導體業,1,235564078.5
7,半導操作,2646,星宇航空,航運業,2,233302260.91880798
7,半導操作,2105,正新,橡膠工業,2,226639190.16993713
7,半導操作,1312,國喬,塑膠工業,1,199998008.06816483
7,半導操作,3605,宏致,電子零組件業,1,194288265.6445084
7,半導操作,2915,潤泰全,貿易百貨,1,176670631.95495987
7,半導操作,1101,台泥,水泥工業,1,175891199.89294052
7,半導操作,2912,統一超,貿易百貨,1,148306125.0
7,半導操作,8926,台汽電,油電燃氣業,1,146399373.52273178
7,半導操作,3338,泰碩,電子零組件業,1,132346533.58081818
7,半導操作,6449,鈺邦,電子零組件業,1,131672424.0
7,半導操作,7788,松川精密,電子零組件業,1,115703848.0
7,半導操作,1210,大成,食品工業,1,96014505.27832033
7,半導操作,6757,台灣虎航,航運業,1,86423227.18571472
7,半導操作,1102,亞泥,水泥工業,1,81502503.01317596
7,半導操作,2401,凌陽,半導體業,1,70540654.702425
7,半導操作,9933,中鼎,其他,1,47476631.19020844
7,半導操作,1229,聯華,食品工業,1,47089575.0
7,半導操作,2392,正崴,電子零組件業,1,43743695.65951538
7,半導操作,2453,凌群,資訊服務業,1,43471899.93891907
7,半導操作,4912,聯德控股-KY,電子零組件業,1,35394684.02909088
7,半導操作,3380,明泰,通信網路業,1,31457902.20464325
7,半導操作,2201,裕隆,汽車工業,1,30660036.0009346
7,半導操作,9938,百和,其他,1,29787061.95557785
7,半導操作,6776,展碁國際,電子通路業,1,28713178.23058319
7,半導操作,6117,迎廣,電腦及週邊設備業,1,25350689.11404419
7,半導操作,2614,東森,其他,1,24344166.0
7,半導操作,2020,美亞,鋼鐵工業,1,22006409.81687355
7,半導操作,2520,冠德,建材營造,2,21450825.471855164
7,半導操作,2010,春源,鋼鐵工業,1,17493087.72393608
7,半導操作,1432,大魯閣,運動休閒,4,15508771.10024643
7,半導操作,1615,大山,電器電纜,1,10584420.174789429
7,半導操作,1789,神隆,生技醫療業,1,8020754.528774261
7,半導操作,9103,美德醫療-DR,91,1,7780896.454501152
7,半導操作,9943,好樂迪,觀光餐旅,2,4391165.260147096
7,半導操作,5519,隆大,建材營造,1,4265494.149345398
7,半導操作,1734,杏輝,生技醫療業,1,3606655.5
7,半導操作,2025,千興,鋼鐵工業,1,3280247.9016866684
7,半導操作,1446,宏和,紡織纖維,1,3135030.0
7,半導操作,4414,如興,紡織纖維,1,3036380.0
7,半導操作,2506,太設,建材營造,1,1666841.329620361
7,半導操作,2642,宅配通,航運業,1,590532.9894733429
7,半導操作,1417,嘉裕,紡織纖維,1,540054.2239551544
7,半導操作,1109,信大,水泥工業,1,396117.0049381256
7,半導操作,1315,達新,塑膠工業,1,316634.0
7,半導操作,2754,亞洲藏壽司,觀光餐旅,1,0.0
7,半導操作,3105,穩懋,半導體業,1,0.0
7,半導操作,3217,優群,電子零組件業,1,0.0
7,半導操作,3228,金麗科,半導體業,1,0.0
7,半導操作,3272,東碩,電腦及週邊設備業,2,0.0
7,半導操作,3444,利機,電子通路業,1,0.0
7,半導操作,3489,森寶,建材營造,1,0.0
7,半導操作,3556,禾瑞亞,半導體業,1,0.0
7,半導操作,3558,神準,通信網路業,1,0.0
7,半導操作,4162,智擎,生技醫療業,3,0.0
7,半導操作,4167,松瑞藥,生技醫療業,1,0.0
7,半導操作,4550,長佳,電機機械,1,0.0
7,半導操作,4950,金耘國際,鋼鐵工業,1,0.0
7,半導操作,5287,數字,數位雲端,1,0.0
7,半導操作,5314,世紀*,其他,1,0.0
7,半導操作,5371,中光電,光電業,1,0.0
7,半導操作,5438,東友,電腦及週邊設備業,1,0.0
7,半導操作,5483,中美晶,半導體業,1,0.0
7,半導操作,5603,陸海,航運業,1,0.0
7,半導操作,6114,久威,電子零組件業,1,0.0
7,半導操作,6125,廣運,光電業,1,0.0
7,半導操作,6144,得利影,文化創意業,1,0.0
7,半導操作,6156,松上,電子零組件業,1,0.0
7,半導操作,6538,倉和,電子零組件業,1,0.0
7,半導操作,6811,宏碁資訊,數位雲端,1,0.0
7,半導操作,7742,天弘化,化學工業,1,0.0
7,半導操作,7861,貝爾威勒,電子零組件業,1,0.0
7,半導操作,8069,元太,光電業,1,0.0
7,半導操作,8076,伍豐,電腦及週邊設備業,1,0.0
7,半導操作,8111,立碁,光電業,1,0.0
7,半導操作,8358,金居,電子零組件業,1,0.0
7,半導操作,9951,皇田,電機機械,3,0.0
18,生技半導,2408,南亞科,半導體業,1,36244984958.0
18,生技半導,2344,華邦電,半導體業,1,30002728239.181084
18,生技半導,3481,群創,光電業,1,28159936255.5
18,生技半導,2345,智邦,通信網路業,2,17478156240.0
18,生技半導,8046,南電,電子零組件業,2,16600343760.0
18,生技半導,2449,京元電子,半導體業,3,15716429608.5
18,生技半導,1795,美時,生技醫療業,9,15352521046.0
18,生技半導,6770,力積電,半導體業,1,6044278306.153404
18,生技半導,2409,友達,光電業,1,5360323429.744114
18,生技半導,3034,聯詠,半導體業,2,4965860088.0
18,生技半導,3231,緯創,電腦及週邊設備業,1,4844801632.0
18,生技半導,2316,楠梓電,電子零組件業,9,3982806134.7516785
18,生技半導,2382,廣達,電腦及週邊設備業,1,2064771525.0
18,生技半導,2884,玉山金,金融保險,1,1748918693.25
18,生技半導,6706,惠特,光電業,1,875197759.5
18,生技半導,6776,展碁國際,電子通路業,1,719382720.0
18,生技半導,2002,中鋼,鋼鐵工業,1,650778607.0
18,生技半導,1477,聚陽,紡織纖維,1,474796024.5
18,生技半導,6196,帆宣,其他電子業,1,466924584.0
18,生技半導,4938,和碩,電腦及週邊設備業,1,428648417.0468597
18,生技半導,2329,華泰,半導體業,1,415077331.0
18,生技半導,6271,同欣電,半導體業,1,396433400.0
18,生技半導,4763,材料*-KY,化學工業,2,335707643.84204865
18,生技半導,2474,可成,其他電子業,1,271756815.0
18,生技半導,2006,東和鋼鐵,鋼鐵工業,1,215236571.0
18,生技半導,1210,大成,食品工業,2,148167952.7783203
18,生技半導,3714,富采,光電業,1,135036162.29697418
18,生技半導,2014,中鴻,鋼鐵工業,1,124997386.839859
18,生技半導,6116,彩晶,光電業,1,115072937.90955351
18,生技半導,2010,春源,鋼鐵工業,1,101512022.2041092
18,生技半導,1905,華紙,造紙工業,1,97043237.92198944
18,生技半導,1515,力山,電機機械,1,25105765.0
18,生技半導,2023,燁輝,鋼鐵工業,1,17232902.03818226
18,生技半導,1907,永豐餘,造紙工業,1,13389791.51194191
18,生技半導,2405,輔信,電腦及週邊設備業,1,8804098.289523125
18,生技半導,2025,千興,鋼鐵工業,1,7632103.782730103
18,生技半導,2020,美亞,鋼鐵工業,1,4895858.0
18,生技半導,2012,春雨,鋼鐵工業,1,3016166.9182834625
18,生技半導,2482,連宇,其他電子業,1,2047693.047056198
18,生技半導,2505,國揚,建材營造,1,1563352.5673866272
18,生技半導,3105,穩懋,半導體業,6,0.0
18,生技半導,3217,優群,電子零組件業,2,0.0
18,生技半導,3228,金麗科,半導體業,1,0.0
18,生技半導,3357,臺慶科,電子零組件業,1,0.0
18,生技半導,4743,合一,生技醫療業,4,0.0
18,生技半導,5309,系統電,電子零組件業,1,0.0
18,生技半導,6182,合晶,半導體業,3,0.0
18,生技半導,6547,高端疫苗,生技醫療業,1,0.0
18,生技半導,6841,長佳智能,生技醫療業,1,0.0
18,生技半導,8358,金居,電子零組件業,1,0.0
18,生技半導,8410,森田,電腦及週邊設備業,1,0.0
23,航運股,2408,南亞科,半導體業,1,36244984958.0
23,航運股,2313,華通,電子零組件業,2,32629231100.0
23,航運股,2609,陽明,航運業,9,23971661800.1731
23,航運股,3017,奇鋐,電腦及週邊設備業,1,17162622225.0
23,航運股,2308,台達電,電子零組件業,1,13473809055.0
23,航運股,2603,長榮,航運業,7,12167965851.0
23,航運股,2337,旺宏,半導體業,1,11521976612.5
23,航運股,4919,新唐,半導體業,2,11373568080.0
23,航運股,2301,光寶科,電腦及週邊設備業,2,4595542498.256226
23,航運股,2618,長榮航,航運業,7,3675261370.2878304
23,航運股,3034,聯詠,半導體業,1,2482930044.0
23,航運股,1605,華新,電器電纜,1,2349305713.580635
23,航運股,3044,健鼎,電子零組件業,1,1567646808.0
23,航運股,2610,華航,航運業,4,1341717833.5856438
23,航運股,3413,京鼎,半導體業,1,900548055.0
23,航運股,3715,定穎投控,電子零組件業,1,708591790.5
23,航運股,2354,鴻準,其他電子業,1,322836739.46349335
23,航運股,1326,台化,塑膠工業,1,241362826.1861801
23,航運股,2359,所羅門,其他電子業,2,189683230.0
23,航運股,2637,慧洋-KY,航運業,2,181797417.37930295
23,航運股,2201,裕隆,汽車工業,1,157010437.99204636
23,航運股,3714,富采,光電業,1,100107621.63938522
23,航運股,2646,星宇航空,航運業,1,92312889.66880798
23,航運股,2606,裕民,航運業,1,89942006.09848022
23,航運股,6753,龍德造船,航運業,1,88607267.0
23,航運股,2630,亞航,航運業,2,58703563.9730072
23,航運股,2727,王品,觀光餐旅,1,51704294.5
23,航運股,2323,中環,光電業,1,38974696.90462875
23,航運股,2601,益航,貿易百貨,3,28769769.43479395
23,航運股,2607,榮運,航運業,2,25173696.0
23,航運股,2614,東森,其他,1,24344166.0
23,航運股,2636,台驊控股,航運業,2,18101140.008789062
23,航運股,1909,榮成,造紙工業,1,12509354.13381672
23,航運股,5608,四維航,航運業,1,10800223.06447506
23,航運股,2062,橋椿,居家生活,2,9742590.784900665
23,航運股,4142,國光生,生技醫療業,1,5783958.525363922
23,航運股,2608,嘉里大榮,航運業,1,3131755.8600444794
23,航運股,2611,志信,航運業,1,2878507.8405189514
23,航運股,1540,喬福,電機機械,1,2648012.5984478
23,航運股,1201,味全,食品工業,1,1748209.75
23,航運股,1815,富喬,電子零組件業,3,0.0
23,航運股,3081,聯亞,通信網路業,1,0.0
23,航運股,3680,家登,半導體業,1,0.0
23,航運股,4743,合一,生技醫療業,1,0.0
23,航運股,5425,台半,半導體業,1,0.0
23,航運股,6182,合晶,半導體業,1,0.0
23,航運股,8358,金居,電子零組件業,2,0.0
30,高股息配發,2454,聯發科,半導體業,1,26631659650.0
30,高股息配發,2337,旺宏,半導體業,1,23847622199.5
30,高股息配發,2313,華通,電子零組件業,1,15473264878.0
30,高股息配發,2303,聯電,半導體業,1,11439178555.09298
30,高股息配發,2376,技嘉,電腦及週邊設備業,3,9019891686.0
30,高股息配發,2449,京元電子,半導體業,1,8507121526.5
30,高股息配發,2891,中信金,金融保險,3,6487760690.410035
30,高股息配發,3008,大立光,光電業,1,6336243585.0
30,高股息配發,3711,日月光投控,半導體業,1,5360966072.0
30,高股息配發,3034,聯詠,半導體業,1,3785000982.0
30,高股息配發,6213,聯茂,電子零組件業,1,3093319880.0
30,高股息配發,2382,廣達,電腦及週邊設備業,1,2844998076.0
30,高股息配發,2834,臺企銀,金融保險,4,2792415245.555134
30,高股息配發,2892,第一金,金融保險,3,2245877169.3394833
30,高股息配發,2002,中鋼,鋼鐵工業,1,2135193858.75
30,高股息配發,2474,可成,其他電子業,1,2041449417.0
30,高股息配發,6691,洋基工程,其他電子業,2,2005870967.0
30,高股息配發,5871,中租-KY,其他,1,1784179600.0
30,高股息配發,2385,群光,電子零組件業,2,1695548254.0
30,高股息配發,2883,凱基金,金融保險,2,1676469162.0102997
30,高股息配發,3036,文曄,電子通路業,1,1585533980.0
30,高股息配發,2890,永豐金,金融保險,2,1495049322.4637833
30,高股息配發,2886,兆豐金,金融保險,1,1303410618.4354095
30,高股息配發,1560,中砂,電機機械,1,1260563325.0
30,高股息配發,2615,萬海,航運業,1,885484988.2634583
30,高股息配發,8422,可寧衛*,綠能環保,2,814609349.1812515
30,高股息配發,2353,宏碁,電腦及週邊設備業,1,736343567.9703026
30,高股息配發,2880,華南金,金融保險,1,698751232.5
30,高股息配發,2548,華固,建材營造,2,697871963.0
30,高股息配發,2105,正新,橡膠工業,2,668514696.0761509
30,高股息配發,1216,統一,食品工業,1,641635254.1169357
30,高股息配發,2377,微星,電腦及週邊設備業,1,631185681.5
30,高股息配發,1215,卜蜂,食品工業,2,615084546.0
30,高股息配發,1476,儒鴻,紡織纖維,1,518497980.0
30,高股息配發,2542,興富發,建材營造,3,504356597.76647186
30,高股息配發,2515,中工,建材營造,2,470259494.75
30,高股息配發,5876,上海商銀,金融保險,2,465883663.22810364
30,高股息配發,5434,崇越,電子通路業,2,462327736.5
30,高股息配發,1229,聯華,食品工業,3,461560310.19898987
30,高股息配發,2329,華泰,半導體業,1,387034713.2567825
30,高股息配發,2347,聯強,電子通路業,1,382869848.95784
30,高股息配發,4938,和碩,電腦及週邊設備業,1,365027516.0543823
30,高股息配發,2812,台中銀,金融保險,1,346547904.3652859
30,高股息配發,9945,潤泰新,其他,3,335961606.1425266
30,高股息配發,1609,大亞,電器電纜,4,333306596.60515213
30,高股息配發,2845,遠東銀,金融保險,1,318996249.10323143
30,高股息配發,6438,迅得,其他電子業,1,303807471.5
30,高股息配發,1102,亞泥,水泥工業,1,293136848.679718
30,高股息配發,1514,亞力,電機機械,1,283741110.0
30,高股息配發,1773,勝一,化學工業,1,250073745.0
30,高股息配發,2801,彰銀,金融保險,1,247649936.17413712
30,高股息配發,5388,中磊,通信網路業,1,199758948.33258057
30,高股息配發,2363,矽統,半導體業,1,188471000.9931984
30,高股息配發,3010,華立,電子通路業,1,187689276.0
30,高股息配發,3033,威健,電子通路業,1,186024943.4419632
30,高股息配發,3380,明泰,通信網路業,1,185935468.75
30,高股息配發,1722,台肥,化學工業,1,173383312.5
30,高股息配發,9918,欣天然,油電燃氣業,1,165251290.0
30,高股息配發,2731,雄獅,觀光餐旅,1,161274233.0
30,高股息配發,1608,華榮,電器電纜,1,157419910.98266602
30,高股息配發,5521,工信,建材營造,1,139957958.91124344
30,高股息配發,2903,遠百,貿易百貨,2,121342979.26671219
30,高股息配發,8016,矽創,半導體業,1,116118562.5
30,高股息配發,6005,群益證,金融保險,1,108708936.62685011
30,高股息配發,1210,大成,食品工業,1,103619005.2441063
30,高股息配發,2753,八方雲集,觀光餐旅,2,99296519.0
30,高股息配發,2637,慧洋-KY,航運業,1,90898708.68965147
30,高股息配發,2539,櫻花建,建材營造,1,85929754.50209045
30,高股息配發,3312,弘憶股,電子通路業,1,81880100.0
30,高股息配發,1563,巧新,汽車工業,1,81451171.6230812
30,高股息配發,6177,達麗,建材營造,2,77255884.345932
30,高股息配發,1342,八貫,其他,1,72719573.88565063
30,高股息配發,2867,三商壽,金融保險,1,66736898.06498051
30,高股息配發,2915,潤泰全,貿易百貨,1,65188789.46199417
30,高股息配發,8454,富邦媒,數位雲端,1,58285569.0
30,高股息配發,6533,晶心科,半導體業,1,57984800.5
30,高股息配發,2540,愛山林,建材營造,1,47065800.0
30,高股息配發,5534,長虹,建材營造,1,45531201.045288086
30,高股息配發,1528,恩德,電機機械,1,45302026.03276634
30,高股息配發,6605,帝寶,汽車工業,1,43694300.0
30,高股息配發,2616,山隆,油電燃氣業,1,42988740.68117905
30,高股息配發,2206,三陽工業,汽車工業,1,41844796.0
30,高股息配發,2442,新美齊,建材營造,1,41691970.44440842
30,高股息配發,2820,華票,金融保險,2,32505592.1049366
30,高股息配發,6189,豐藝,電子通路業,1,31893984.515533447
30,高股息配發,5292,華懋,綠能環保,1,31711200.0
30,高股息配發,1907,永豐餘,造紙工業,1,30278766.11671829
30,高股息配發,2838,聯邦銀,金融保險,1,29018300.0
30,高股息配發,2023,燁輝,鋼鐵工業,1,28636615.9482193
30,高股息配發,3617,碩天,其他電子業,1,28052550.0
30,高股息配發,9906,欣巴巴,建材營造,2,22412534.80092621
30,高股息配發,1720,生達,生技醫療業,1,21964240.232826237
30,高股息配發,4142,國光生,生技醫療業,1,19390437.5
30,高股息配發,8213,志超,電子零組件業,1,19101676.56904602
30,高股息配發,2535,達欣工,建材營造,1,17352876.22290039
30,高股息配發,8478,東哥遊艇,運動休閒,1,17126899.0
30,高股息配發,2302,麗正,半導體業,1,14584745.113214493
30,高股息配發,9934,成霖,居家生活,2,13270220.20606041
30,高股息配發,2466,冠西電,光電業,1,12504266.642189026
30,高股息配發,2228,劍麟,汽車工業,1,12399857.5
30,高股息配發,2707,晶華,觀光餐旅,1,12226211.617248535
30,高股息配發,2527,宏璟,建材營造,1,12068099.842071531
30,高股息配發,2636,台驊控股,航運業,1,11659655.0
30,高股息配發,2851,中再保,金融保險,1,11492462.722354889
30,高股息配發,9942,茂順,其他,1,9436500.0
30,高股息配發,2608,嘉里大榮,航運業,1,9431801.46662712
30,高股息配發,9925,新保,其他,1,9071068.961166382
30,高股息配發,2832,台產,金融保險,1,8060091.0
30,高股息配發,4104,佳醫,生技醫療業,1,7329632.031738281
30,高股息配發,2816,旺旺保,金融保險,1,4261399.0
30,高股息配發,6464,台數科,其他,1,4200872.115768433
30,高股息配發,1731,美吾華,生技醫療業,1,4075500.0
30,高股息配發,3679,新至陞,電子零組件業,1,3808595.0
30,高股息配發,1615,大山,電器電纜,1,3632406.9870872498
30,高股息配發,1737,臺鹽,食品工業,2,3501643.7039031982
30,高股息配發,2025,千興,鋼鐵工業,1,3320859.552564621
30,高股息配發,2762,世界健身-KY,運動休閒,1,3189226.5578842163
30,高股息配發,4999,鑫禾,電子零組件業,1,2914447.5
30,高股息配發,1109,信大,水泥工業,1,2624850.0652313232
30,高股息配發,1539,巨庭,電機機械,1,2416465.3886032104
30,高股息配發,8487,愛爾達-創,數位雲端,1,2067540.67666626
30,高股息配發,1517,利奇,電機機械,1,2038455.9652853007
30,高股息配發,8201,無敵,其他電子業,1,1335520.0374603271
30,高股息配發,2904,匯僑,其他,1,1271250.057220459
30,高股息配發,1475,業旺,紡織纖維,1,724272.8843688965
30,高股息配發,1315,達新,塑膠工業,1,678961.7459869385
30,高股息配發,1240,茂生農經,農業科技業,1,0.0
30,高股息配發,1788,杏昌,生技醫療業,1,0.0
30,高股息配發,2741,老四川,觀光餐旅,1,0.0
30,高股息配發,2758,路易莎咖啡,觀光餐旅,1,0.0
30,高股息配發,2916,滿心,居家生活,2,0.0
30,高股息配發,3206,志豐,電子零組件業,1,0.0
30,高股息配發,3207,耀勝,電子零組件業,1,0.0
30,高股息配發,3211,順達,電腦及週邊設備業,1,0.0
30,高股息配發,3260,威剛,半導體業,2,0.0
30,高股息配發,3491,昇達科,通信網路業,1,0.0
30,高股息配發,3512,皇龍,建材營造,1,0.0
30,高股息配發,3680,家登,半導體業,1,0.0
30,高股息配發,4114,健喬,生技醫療業,1,0.0
30,高股息配發,4205,中華食,食品工業,1,0.0
30,高股息配發,4420,光明,紡織纖維,1,0.0
30,高股息配發,5009,榮剛,鋼鐵工業,2,0.0
30,高股息配發,5245,智晶,光電業,1,0.0
30,高股息配發,5314,世紀*,其他,1,0.0
30,高股息配發,5512,力麒,建材營造,1,0.0
30,高股息配發,5604,中連,其他,1,0.0
30,高股息配發,5864,致和證,金融保險,1,0.0
30,高股息配發,5904,寶雅,居家生活,1,0.0
30,高股息配發,6016,康和證,金融保險,1,0.0
30,高股息配發,6026,福邦證,金融保險,1,0.0
30,高股息配發,6147,頎邦,半導體業,2,0.0
30,高股息配發,6266,泰詠,電子零組件業,1,0.0
30,高股息配發,6292,迅德,電子零組件業,1,0.0
30,高股息配發,6294,智基,文化創意業,1,0.0
30,高股息配發,6462,神盾,半導體業,1,0.0
30,高股息配發,6517,保勝光學,光電業,1,0.0
30,高股息配發,6547,高端疫苗,生技醫療業,1,0.0
30,高股息配發,6577,勁豐,電腦及週邊設備業,1,0.0
30,高股息配發,6596,寬宏藝術,文化創意業,1,0.0
30,高股息配發,6643,M31,半導體業,1,0.0
30,高股息配發,7805,威聯通,數位雲端,1,0.0
30,高股息配發,8044,網家,數位雲端,1,0.0
30,高股息配發,8049,晶采,光電業,1,0.0
30,高股息配發,8358,金居,電子零組件業,1,0.0
30,高股息配發,8415,大國鋼,鋼鐵工業,1,0.0
30,高股息配發,8931,大汽電,油電燃氣業,1,0.0
30,高股息配發,9960,邁達康,運動休閒,1,0.0
4,光電技術,3481,群創,光電業,1,28159936255.5
4,光電技術,2344,華邦電,半導體業,1,19300217501.908813
4,光電技術,2337,旺宏,半導體業,1,11521976612.5
4,光電技術,2317,鴻海,其他電子業,1,10221535093.0
4,光電技術,4958,臻鼎-KY,電子零組件業,1,10096994336.0
4,光電技術,6531,愛普*,半導體業,1,8945503250.0
4,光電技術,8046,南電,電子零組件業,1,8300171880.0
4,光電技術,3661,世芯-KY,半導體業,1,5267417400.0
4,光電技術,3231,緯創,電腦及週邊設備業,1,4844801632.0
4,光電技術,2382,廣達,電腦及週邊設備業,1,4751094040.0
4,光電技術,2368,金像電,電子零組件業,1,2979931045.0
4,光電技術,2376,技嘉,電腦及週邊設備業,1,2123292843.0
4,光電技術,2610,華航,航運業,1,1605034540.7878876
4,光電技術,6446,藥華藥,生技醫療業,1,1073579164.0
4,光電技術,6715,嘉基,電子零組件業,1,746153522.5
4,光電技術,3673,TPK-KY,光電業,1,618824742.6299171
4,光電技術,2363,矽統,半導體業,1,610042149.7116394
4,光電技術,2646,星宇航空,航運業,6,511298206.7326546
4,光電技術,4763,材料*-KY,化學工業,3,430566465.8791275
4,光電技術,1513,中興電,電機機械,1,428245492.5
4,光電技術,1402,遠東新,紡織纖維,1,327287407.8520775
4,光電技術,3406,玉晶光,光電業,1,306623506.0
4,光電技術,2542,興富發,建材營造,1,215192606.91059875
4,光電技術,3605,宏致,電子零組件業,1,201299989.23117065
4,光電技術,1409,新纖,紡織纖維,1,188437962.35853195
4,光電技術,2615,萬海,航運業,1,185675482.86044312
4,光電技術,3535,晶彩科,光電業,1,161380864.0
4,光電技術,1536,和大,汽車工業,1,120062331.0
4,光電技術,7722,LINEPAY,數位雲端,1,116547069.0
4,光電技術,2504,國產,建材營造,1,102488616.0
4,光電技術,3704,合勤控,通信網路業,1,74671411.25
4,光電技術,4526,東台,電機機械,1,64252831.93924713
4,光電技術,3049,精金,光電業,1,56909739.89909935
4,光電技術,1589,永冠-KY,電機機械,1,25604970.23001814
4,光電技術,5706,鳳凰,觀光餐旅,1,25001473.624515533
4,光電技術,1760,寶齡富錦,生技醫療業,2,21903367.466522217
4,光電技術,1522,堤維西,汽車工業,1,21415095.187746048
4,光電技術,2017,官田鋼,鋼鐵工業,1,21386430.0
4,光電技術,6189,豐藝,電子通路業,1,20642738.518787384
4,光電技術,4736,泰博,生技醫療業,1,17510800.5
4,光電技術,1712,興農,化學工業,1,15235966.282138824
4,光電技術,2013,中鋼構,鋼鐵工業,7,14991420.072647095
4,光電技術,2069,運錩,鋼鐵工業,2,12072942.46170044
4,光電技術,4562,穎漢,電機機械,1,9519429.69789505
4,光電技術,1789,神隆,生技醫療業,1,8020754.528774261
4,光電技術,2429,銘旺科,光電業,2,7499346.0
4,光電技術,9955,佳龍,綠能環保,1,6765000.0
4,光電技術,4414,如興,紡織纖維,2,6072760.0
4,光電技術,1225,福懋油,食品工業,1,3169201.1621017456
4,光電技術,2719,燦星旅,觀光餐旅,1,0.0
4,光電技術,3081,聯亞,通信網路業,1,0.0
4,光電技術,3122,笙泉,半導體業,1,0.0
4,光電技術,3228,金麗科,半導體業,1,0.0
4,光電技術,3293,鈊象,文化創意業,1,0.0
4,光電技術,3357,臺慶科,電子零組件業,1,0.0
4,光電技術,3363,上詮,通信網路業,2,0.0
4,光電技術,3374,精材,半導體業,1,0.0
4,光電技術,3687,歐買尬,數位雲端,1,0.0
4,光電技術,4105,東洋,生技醫療業,1,0.0
4,光電技術,5009,榮剛,鋼鐵工業,1,0.0
4,光電技術,5438,東友,電腦及週邊設備業,1,0.0
4,光電技術,6125,廣運,光電業,3,0.0
4,光電技術,6150,撼訊,電腦及週邊設備業,1,0.0
4,光電技術,6163,華電網,通信網路業,1,0.0
4,光電技術,6180,橘子,文化創意業,2,0.0
4,光電技術,6188,廣明,電腦及週邊設備業,1,0.0
4,光電技術,6190,萬泰科,通信網路業,1,0.0
4,光電技術,6266,泰詠,電子零組件業,1,0.0
4,光電技術,6485,點序,半導體業,1,0.0
4,光電技術,6510,精測,半導體業,1,0.0
4,光電技術,6535,順藥,生技醫療業,1,0.0
4,光電技術,6793,天力離岸,其他,1,0.0
4,光電技術,8069,元太,光電業,1,0.0
4,光電技術,8358,金居,電子零組件業,1,0.0
4,光電技術,8450,霹靂,文化創意業,2,0.0
4,光電技術,9960,邁達康,運動休閒,1,0.0
21,總經大盤,2330,台積電,半導體業,1,83914621440.0
21,總經大盤,2345,智邦,通信網路業,1,13170961395.0
21,總經大盤,6669,緯穎,電腦及週邊設備業,2,7946278365.0
21,總經大盤,6770,力積電,半導體業,1,6044278306.153404
21,總經大盤,1314,中石化,塑膠工業,1,1194352312.375454
21,總經大盤,2356,英業達,電腦及週邊設備業,1,779506400.0029602
21,總經大盤,2014,中鴻,鋼鐵工業,5,777411016.0981388
21,總經大盤,2009,第一銅,鋼鐵工業,5,492520054.59796524
21,總經大盤,1590,亞德客-KY,電機機械,1,475531650.0
21,總經大盤,2027,大成鋼,鋼鐵工業,1,366996663.87044907
21,總經大盤,2103,台橡,橡膠工業,1,330525174.0
21,總經大盤,2002,中鋼,鋼鐵工業,1,329786041.6362915
21,總經大盤,2105,正新,橡膠工業,1,270054976.20370483
21,總經大盤,2417,圓剛,電腦及週邊設備業,2,191884339.69692993
21,總經大盤,1608,華榮,電器電纜,1,148857600.66289902
21,總經大盤,2010,春源,鋼鐵工業,6,136774050.3824825
21,總經大盤,2015,豐興,鋼鐵工業,6,113803369.2902031
21,總經大盤,1714,和桐,化學工業,1,95696188.11260603
21,總經大盤,2023,燁輝,鋼鐵工業,3,61136319.686097145
21,總經大盤,2022,聚亨,鋼鐵工業,9,55012069.60669899
21,總經大盤,8081,致新,半導體業,1,50794233.0
21,總經大盤,2020,美亞,鋼鐵工業,3,25168027.09266281
21,總經大盤,1903,士紙,造紙工業,1,24849749.543159485
21,總經大盤,2025,千興,鋼鐵工業,3,21112465.091503143
21,總經大盤,2102,泰豐,橡膠工業,1,10748681.36105728
21,總經大盤,2028,威致,鋼鐵工業,3,8932081.75957489
21,總經大盤,6790,永豐實,造紙工業,1,8474034.361831665
21,總經大盤,2617,台航,航運業,1,8273849.416179657
21,總經大盤,2008,高興昌,鋼鐵工業,10,6647315.017501831
21,總經大盤,3679,新至陞,電子零組件業,1,2524466.0
21,總經大盤,1460,宏遠,紡織纖維,1,1968821.8587589264
21,總經大盤,2450,神腦,通信網路業,2,1843250.5
21,總經大盤,2013,中鋼構,鋼鐵工業,1,1225814.9560928345
21,總經大盤,2024,志聯,鋼鐵工業,5,512254.290974617
21,總經大盤,2380,虹光,電腦及週邊設備業,1,472083.00079631805
21,總經大盤,2012,春雨,鋼鐵工業,1,226424.0970621109
21,總經大盤,1268,漢來美食,觀光餐旅,8,0.0
21,總經大盤,1780,立弘,生技醫療業,1,0.0
21,總經大盤,2035,唐榮公司,鋼鐵工業,1,0.0
21,總經大盤,2640,大車隊,數位雲端,4,0.0
21,總經大盤,3490,單井,光電業,1,0.0
21,總經大盤,4174,浩鼎,生技醫療業,2,0.0
21,總經大盤,6210,慶生,電子零組件業,1,0.0
21,總經大盤,6245,立端,通信網路業,1,0.0
1,上市事件,3037,欣興,電子零組件業,1,18120521760.0
1,上市事件,2301,光寶科,電腦及週邊設備業,2,16106281435.0
1,上市事件,2303,聯電,半導體業,1,14487503897.820488
1,上市事件,3661,世芯-KY,半導體業,1,11407120945.0
1,上市事件,3189,景碩,半導體業,1,9609081344.0
1,上市事件,2357,華碩,電腦及週邊設備業,3,6172790936.0
1,上市事件,3231,緯創,電腦及週邊設備業,1,4844801632.0
1,上市事件,3008,大立光,光電業,1,3635367120.0
1,上市事件,6669,緯穎,電腦及週邊設備業,1,3531270540.0
1,上市事件,6515,穎崴,半導體業,1,3324021160.0
1,上市事件,2412,中華電,通信網路業,1,3175021996.0
1,上市事件,1519,華城,電機機械,1,2924793591.0
1,上市事件,2881,富邦金,金融保險,1,1458869924.707489
1,上市事件,2002,中鋼,鋼鐵工業,2,979777760.3862915
1,上市事件,2474,可成,其他電子業,2,937761237.5
1,上市事件,2324,仁寶,電腦及週邊設備業,1,908279401.297926
1,上市事件,3035,智原,半導體業,1,820361613.0
1,上市事件,2618,長榮航,航運業,1,808759080.0
1,上市事件,2489,瑞軒,光電業,1,712977221.0
1,上市事件,3413,京鼎,半導體業,1,656675420.0
1,上市事件,1301,台塑,塑膠工業,1,492435756.331089
1,上市事件,6005,群益證,金融保險,1,488902810.8453751
1,上市事件,1477,聚陽,紡織纖維,1,474796024.5
1,上市事件,1504,東元,電機機械,1,467670065.23246765
1,上市事件,2892,第一金,金融保險,1,467636701.2266636
1,上市事件,1513,中興電,電機機械,1,428245492.5
1,上市事件,4960,誠美材,光電業,1,427197786.0
1,上市事件,2027,大成鋼,鋼鐵工業,1,419455054.97772217
1,上市事件,6271,同欣電,半導體業,1,396433400.0
1,上市事件,2812,台中銀,金融保險,1,312194740.0
1,上市事件,8033,雷虎,其他,1,308272815.0
1,上市事件,2610,華航,航運業,1,277324162.5
1,上市事件,5876,上海商銀,金融保險,1,237073104.8482132
1,上市事件,9904,寶成,運動休閒,1,219550351.9648075
1,上市事件,8131,福懋科,半導體業,1,218339010.0
1,上市事件,3045,台灣大,通信網路業,1,209599604.5
1,上市事件,3576,聯合再生,光電業,1,197828421.88781548
1,上市事件,2515,中工,建材營造,4,193448778.34444046
1,上市事件,2634,漢翔,航運業,1,189860048.16014865
1,上市事件,5434,崇越,電子通路業,1,177537630.0
1,上市事件,6505,台塑化,油電燃氣業,1,140467797.97029495
1,上市事件,6873,泓德能源,綠能環保,2,110019308.0
1,上市事件,1722,台肥,化學工業,1,98926362.78459167
1,上市事件,6757,台灣虎航,航運業,1,60907409.53627014
1,上市事件,1314,中石化,塑膠工業,1,59419734.09841013
1,上市事件,6214,精誠,資訊服務業,1,58002105.0
1,上市事件,4540,全球傳動,電機機械,1,57953544.0
1,上市事件,4771,望隼,生技醫療業,1,56767329.0
1,上市事件,1449,佳和,紡織纖維,1,45052583.81401634
1,上市事件,2646,星宇航空,航運業,1,41419735.91225052
1,上市事件,2727,王品,觀光餐旅,1,37070926.0
1,上市事件,2753,八方雲集,觀光餐旅,1,29277886.0
1,上市事件,8105,凌巨,光電業,1,28829208.783429146
1,上市事件,2867,三商壽,金融保險,2,27938984.293807983
1,上市事件,2614,東森,其他,1,24344166.0
1,上市事件,3047,訊舟,通信網路業,1,23575561.780757904
1,上市事件,3041,揚智,半導體業,1,22923384.84161568
1,上市事件,1808,潤隆,建材營造,1,17521520.668722153
1,上市事件,1712,興農,化學工業,1,15235966.282138824
1,上市事件,2332,友訊,通信網路業,1,14659413.099565506
1,上市事件,1313,聯成,塑膠工業,1,12733906.983142853
1,上市事件,2723,美食-KY,觀光餐旅,1,10216500.0
1,上市事件,1218,泰山,食品工業,1,10200406.410675049
1,上市事件,9908,大台北,油電燃氣業,1,9116110.118484495
1,上市事件,2405,輔信,電腦及週邊設備業,1,8804098.289523125
1,上市事件,6133,金橋,電子零組件業,1,7541888.562141418
1,上市事件,1110,東泥,水泥工業,1,6324627.319309235
1,上市事件,2062,橋椿,居家生活,1,4871295.392450333
1,上市事件,3705,永信,生技醫療業,1,4863964.5
1,上市事件,6657,華安,生技醫療業,1,4748187.313335419
1,上市事件,2832,台產,金融保險,1,4529900.074005127
1,上市事件,2534,宏盛,建材營造,1,4225754.213565826
1,上市事件,1732,毛寶,化學工業,1,3356967.0
1,上市事件,2468,華經,資訊服務業,1,3171110.478946686
1,上市事件,2538,基泰,建材營造,3,2954922.75
1,上市事件,2390,云辰,其他電子業,1,2938344.360262871
1,上市事件,1737,臺鹽,食品工業,3,2663261.635597229
1,上市事件,1109,信大,水泥工業,1,2560791.1183862686
1,上市事件,2017,官田鋼,鋼鐵工業,1,2425884.1703281403
1,上市事件,2438,翔耀,光電業,1,1284711.25
1,上市事件,2906,高林,貿易百貨,1,1238376.5810279846
1,上市事件,2430,燦坤,電子通路業,1,951728.0815238951
1,上市事件,2642,宅配通,航運業,1,590532.9894733429
1,上市事件,1530,亞崴,電機機械,1,483496.156999588
1,上市事件,2849,安泰銀,金融保險,1,413041.2942495346
1,上市事件,1445,大宇,紡織纖維,1,355599.9946594238
1,上市事件,1336,台翰,電子零組件業,1,0.0
1,上市事件,1480,東盟開發,鋼鐵工業,1,0.0
1,上市事件,2063,世鎧精密,鋼鐵工業,1,0.0
1,上市事件,2754,亞洲藏壽司,觀光餐旅,1,0.0
1,上市事件,3430,奇鈦科,化學工業,1,0.0
1,上市事件,3570,大塚,資訊服務業,1,0.0
1,上市事件,3629,地心引力,文化創意業,1,0.0
1,上市事件,4419,皇家美食,觀光餐旅,1,0.0
1,上市事件,4714,永捷,化學工業,2,0.0
1,上市事件,6156,松上,電子零組件業,1,0.0
1,上市事件,6180,橘子,文化創意業,1,0.0
1,上市事件,6187,萬潤,半導體業,1,0.0
1,上市事件,6219,富旺,建材營造,1,0.0
1,上市事件,6469,大樹,生技醫療業,2,0.0
1,上市事件,6488,環球晶,半導體業,1,0.0
1,上市事件,6547,高端疫苗,生技醫療業,1,0.0
1,上市事件,6561,是方,通信網路業,1,0.0
1,上市事件,7575,安美得,生技醫療業,1,0.0
1,上市事件,7715,裕山,綠能環保,1,0.0
1,上市事件,7724,諾亞克,生技醫療業,1,0.0
1,上市事件,8044,網家,數位雲端,2,0.0
1,上市事件,8924,大田,運動休閒,1,0.0
1,上市事件,8938,明安,運動休閒,1,0.0
9,台股投資,2408,南亞科,半導體業,1,36244984958.0
9,台股投資,2327,國巨*,電子零組件業,1,18953223933.5
9,台股投資,3443,創意,半導體業,1,14339274600.0
9,台股投資,2451,創見,半導體業,1,5069808645.0
9,台股投資,6669,緯穎,電腦及週邊設備業,1,4574293350.0
9,台股投資,2885,元大金,金融保險,2,3345814170.097656
9,台股投資,1402,遠東新,紡織纖維,8,3277411506.428858
9,台股投資,2412,中華電,通信網路業,5,2782034704.0
9,台股投資,2891,中信金,金融保險,2,2034225311.5917015
9,台股投資,2881,富邦金,金融保險,2,1804474054.1552737
9,台股投資,2882,國泰金,金融保險,2,1224432941.6292114
9,台股投資,2812,台中銀,金融保險,5,1221236377.5801697
9,台股投資,1809,中釉,玻璃陶瓷,1,815598943.5
9,台股投資,2356,英業達,電腦及週邊設備業,1,779506400.0029602
9,台股投資,3045,台灣大,通信網路業,2,751144337.5
9,台股投資,2880,華南金,金融保險,2,682597740.3532562
9,台股投資,2883,凱基金,金融保險,1,667049526.2353477
9,台股投資,1216,統一,食品工業,1,657855144.0
9,台股投資,6139,亞翔,其他電子業,1,642811236.0
9,台股投資,3706,神達,電腦及週邊設備業,1,589061551.1519012
9,台股投資,5871,中租-KY,其他,1,587670732.0
9,台股投資,2887,台新新光金,金融保險,1,558510637.970993
9,台股投資,2801,彰銀,金融保險,2,495666269.8190689
9,台股投資,2884,玉山金,金融保險,1,472522555.38344574
9,台股投資,1504,東元,電機機械,1,467670065.23246765
9,台股投資,9945,潤泰新,其他,3,464211629.3943939
9,台股投資,4904,遠傳,通信網路業,1,309498617.5
9,台股投資,2886,兆豐金,金融保險,1,287180480.6017685
9,台股投資,9904,寶成,運動休閒,2,265651091.87289047
9,台股投資,2915,潤泰全,貿易百貨,3,245282850.31747818
9,台股投資,2889,國票金,金融保險,2,234174302.98420334
9,台股投資,6214,精誠,資訊服務業,1,213872778.0
9,台股投資,2338,光罩,半導體業,1,208127790.5046997
9,台股投資,5225,東科-KY,其他電子業,1,186030172.81723025
9,台股投資,9939,宏全,其他,1,166167525.0
9,台股投資,3535,晶彩科,光電業,1,161380864.0
9,台股投資,5880,合庫金,金融保險,1,159629625.35665512
9,台股投資,1314,中石化,塑膠工業,2,118839468.19682026
9,台股投資,4968,立積,半導體業,1,70799089.5
9,台股投資,2211,長榮鋼,鋼鐵工業,1,63175046.60209656
9,台股投資,9802,鈺齊-KY,運動休閒,1,60211686.1605072
9,台股投資,2247,汎德永業,汽車工業,2,48215882.0
9,台股投資,9933,中鼎,其他,1,47476631.19020844
9,台股投資,2867,三商壽,金融保險,1,38567320.069176674
9,台股投資,2010,春源,鋼鐵工業,1,33463281.98922348
9,台股投資,2612,中航,航運業,1,27990800.0
9,台股投資,1718,中纖,化學工業,1,17747744.59848404
9,台股投資,2101,南港,橡膠工業,1,16274058.46094513
9,台股投資,3257,虹冠電,半導體業,1,10681834.501480104
9,台股投資,2537,聯上發,建材營造,1,8916643.936775208
9,台股投資,6133,金橋,電子零組件業,1,7541888.562141418
9,台股投資,9955,佳龍,綠能環保,1,6765000.0
9,台股投資,5533,皇鼎,建材營造,1,5348200.071334839
9,台股投資,2509,全坤建,建材營造,1,5186706.0
9,台股投資,3705,永信,生技醫療業,1,4863964.5
9,台股投資,2022,聚亨,鋼鐵工業,1,3246020.441101074
9,台股投資,2033,佳大,鋼鐵工業,2,2650292.732147217
9,台股投資,6464,台數科,其他,1,2052336.0412597656
9,台股投資,8487,愛爾達-創,數位雲端,1,2045466.761276245
9,台股投資,1731,美吾華,生技醫療業,1,1367409.6241493225
9,台股投資,2028,威致,鋼鐵工業,1,983267.1219348907
9,台股投資,9928,中視,其他,1,721983.0311203003
9,台股投資,1521,大億,汽車工業,1,644422.0807571411
9,台股投資,2904,匯僑,其他,1,464816.6106815338
9,台股投資,6201,亞弘電,其他電子業,1,359317.3388900757
9,台股投資,1785,光洋科,其他電子業,1,0.0
9,台股投資,2596,綠意,建材營造,1,0.0
9,台股投資,2754,亞洲藏壽司,觀光餐旅,3,0.0
9,台股投資,2760,巨宇翔,觀光餐旅,1,0.0
9,台股投資,3114,好德,電子零組件業,1,0.0
9,台股投資,3293,鈊象,文化創意業,1,0.0
9,台股投資,4107,邦特,生技醫療業,1,0.0
9,台股投資,4111,濟生,生技醫療業,1,0.0
9,台股投資,4113,聯上,建材營造,1,0.0
9,台股投資,4735,豪展,生技醫療業,2,0.0
9,台股投資,4979,華星光,通信網路業,1,0.0
9,台股投資,5009,榮剛,鋼鐵工業,1,0.0
9,台股投資,5278,尚凡*,數位雲端,1,0.0
9,台股投資,5530,龍巖,其他,3,0.0
9,台股投資,5609,中菲行,航運業,1,0.0
9,台股投資,6125,廣運,光電業,1,0.0
9,台股投資,6171,大城地產,建材營造,3,0.0
9,台股投資,6186,新潤,建材營造,3,0.0
9,台股投資,6208,日揚,半導體業,9,0.0
9,台股投資,6434,達輝光電,光電業,1,0.0
9,台股投資,6532,瑞耘,半導體業,1,0.0
9,台股投資,9950,萬國通,塑膠工業,1,0.0
2,個股追蹤,2382,廣達,電腦及週邊設備業,1,15071777721.0
2,個股追蹤,3481,群創,光電業,1,13393183637.047417
2,個股追蹤,2303,聯電,半導體業,1,13333795142.0
2,個股追蹤,2357,華碩,電腦及週邊設備業,1,5561400464.0
2,個股追蹤,3231,緯創,電腦及週邊設備業,1,4844801632.0
2,個股追蹤,6669,緯穎,電腦及週邊設備業,1,4223854470.0
2,個股追蹤,8021,尖點,其他電子業,1,3485120540.0
2,個股追蹤,3305,昇貿,其他電子業,2,2676068588.5
2,個股追蹤,1303,南亞,塑膠工業,1,2219314243.3904114
2,個股追蹤,2404,漢唐,其他電子業,1,2106604171.0
2,個股追蹤,2603,長榮,航運業,1,2034822006.0
2,個股追蹤,2451,創見,半導體業,1,1900028947.5
2,個股追蹤,5871,中租-KY,其他,1,1259196412.5
2,個股追蹤,2618,長榮航,航運業,1,1221203172.8195114
2,個股追蹤,3035,智原,半導體業,1,975515238.0
2,個股追蹤,1301,台塑,塑膠工業,1,894000707.5045624
2,個股追蹤,1101,台泥,水泥工業,1,874338107.5446224
2,個股追蹤,3045,台灣大,通信網路業,1,817390379.0
2,個股追蹤,2880,華南金,金融保險,1,698751232.5
2,個股追蹤,3535,晶彩科,光電業,1,559510540.5
2,個股追蹤,9904,寶成,運動休閒,1,533802422.81476974
2,個股追蹤,2498,宏達電,通信網路業,1,471066881.25
2,個股追蹤,2885,元大金,金融保險,1,420413934.2517853
2,個股追蹤,5876,上海商銀,金融保險,1,363668006.9354782
2,個股追蹤,6005,群益證,金融保險,1,360796031.2834549
2,個股追蹤,3048,益登,電子通路業,1,332698565.2033768
2,個股追蹤,3406,玉晶光,光電業,1,306623506.0
2,個股追蹤,2009,第一銅,鋼鐵工業,3,306244796.4095535
2,個股追蹤,2338,光罩,半導體業,1,209638407.9063263
2,個股追蹤,3576,聯合再生,光電業,1,197828421.88781548
2,個股追蹤,4763,材料*-KY,化學工業,1,197184234.9773407
2,個股追蹤,2542,興富發,建材營造,1,131851458.75
2,個股追蹤,3016,嘉晶,半導體業,1,129599250.0
2,個股追蹤,2363,矽統,半導體業,1,121131013.95795822
2,個股追蹤,7722,LINEPAY,數位雲端,2,117847343.0
2,個股追蹤,1229,聯華,食品工業,1,105843898.99635316
2,個股追蹤,2108,南帝,橡膠工業,2,68431492.35515594
2,個股追蹤,1608,華榮,電器電纜,1,62931330.0
2,個股追蹤,9939,宏全,其他,1,58944809.0
2,個股追蹤,4566,時碩工業,電機機械,1,46653429.88661957
2,個股追蹤,2104,國際中橡,橡膠工業,1,19885128.75
2,個股追蹤,2101,南港,橡膠工業,1,16274058.46094513
2,個股追蹤,2462,良得電,電子零組件業,1,10501000.0
2,個股追蹤,9103,美德醫療-DR,91,1,7780896.454501152
2,個股追蹤,1451,年興,紡織纖維,3,7131131.360006332
2,個股追蹤,1447,力鵬,紡織纖維,1,4845838.67773056
2,個股追蹤,1587,吉茂,汽車工業,1,4581122.166698456
2,個股追蹤,1437,勤益控,其他,1,3807883.353614807
2,個股追蹤,1109,信大,水泥工業,1,3543591.1555337906
2,個股追蹤,9924,福興,居家生活,1,1962169.7699394224
2,個股追蹤,4994,傳奇,資訊服務業,1,972097.16947937
2,個股追蹤,1213,大飲,食品工業,2,289000.0
2,個股追蹤,9110,越南控-DR,91,1,177919.9981689453
2,個股追蹤,1815,富喬,電子零組件業,1,0.0
2,個股追蹤,3105,穩懋,半導體業,1,0.0
2,個股追蹤,3211,順達,電腦及週邊設備業,1,0.0
2,個股追蹤,3434,哲固,光電業,1,0.0
2,個股追蹤,3483,力致,電腦及週邊設備業,6,0.0
2,個股追蹤,3499,環天科,通信網路業,1,0.0
2,個股追蹤,3713,新晶投控,綠能環保,1,0.0
2,個股追蹤,4130,健亞,生技醫療業,1,0.0
2,個股追蹤,4162,智擎,生技醫療業,2,0.0
2,個股追蹤,4743,合一,生技醫療業,3,0.0
2,個股追蹤,4946,辣椒,文化創意業,1,0.0
2,個股追蹤,5351,鈺創,半導體業,1,0.0
2,個股追蹤,5478,智冠,文化創意業,1,0.0
2,個股追蹤,5701,劍湖山,觀光餐旅,1,0.0
2,個股追蹤,6125,廣運,光電業,1,0.0
2,個股追蹤,6284,佳邦,電子零組件業,1,0.0
2,個股追蹤,6469,大樹,生技醫療業,2,0.0
2,個股追蹤,6549,景凱,生技醫療業,1,0.0
2,個股追蹤,6651,全宇昕,半導體業,1,0.0
2,個股追蹤,6874,倍力,資訊服務業,1,0.0
2,個股追蹤,7575,安美得,生技醫療業,1,0.0
2,個股追蹤,8111,立碁,光電業,1,0.0
2,個股追蹤,8299,群聯,半導體業,1,0.0
13,存股配息,3037,欣興,電子零組件業,1,16998695325.0
13,存股配息,2327,國巨*,電子零組件業,1,9154703541.5
13,存股配息,3711,日月光投控,半導體業,1,7530039936.0
13,存股配息,2357,華碩,電腦及週邊設備業,2,4970527690.0
13,存股配息,4938,和碩,電腦及週邊設備業,1,4141006544.519638
13,存股配息,6505,台塑化,油電燃氣業,1,4026920447.20665
13,存股配息,6669,緯穎,電腦及週邊設備業,1,3406160120.0
13,存股配息,2885,元大金,金融保險,3,2939873958.9542007
13,存股配息,2404,漢唐,其他電子業,1,2525286540.0
13,存股配息,2887,台新新光金,金融保險,1,1909161880.1588557
13,存股配息,2886,兆豐金,金融保險,1,1453013715.5466957
13,存股配息,2884,玉山金,金融保險,1,1433445999.2648392
13,存股配息,5871,中租-KY,其他,1,1100159739.0
13,存股配息,1301,台塑,塑膠工業,1,1087536422.6127434
13,存股配息,2880,華南金,金融保險,2,1078316960.0
13,存股配息,2892,第一金,金融保險,1,897684476.3289928
13,存股配息,1503,士電,電機機械,1,787698032.0
13,存股配息,2356,英業達,電腦及週邊設備業,1,779506400.0029602
13,存股配息,2883,凱基金,金融保險,1,739417647.0102997
13,存股配息,2834,臺企銀,金融保險,2,612144166.8150558
13,存股配息,1216,統一,食品工業,1,602536124.884491
13,存股配息,1102,亞泥,水泥工業,2,565942388.3053207
13,存股配息,2801,彰銀,金融保險,2,558361417.2269306
13,存股配息,1582,信錦,電子零組件業,1,509833726.9302216
13,存股配息,4915,致伸,電子零組件業,2,481199143.1991577
13,存股配息,2371,大同,電機機械,1,298677498.86363983
13,存股配息,3545,敦泰,半導體業,2,249554663.84918976
13,存股配息,6005,群益證,金融保險,1,202757864.48553085
13,存股配息,2633,台灣高鐵,航運業,1,177825745.48088264
13,存股配息,2889,國票金,金融保險,1,149689972.53858566
13,存股配息,2542,興富發,建材營造,1,146634846.80879974
13,存股配息,2352,佳世達,電腦及週邊設備業,1,145310028.75
13,存股配息,2845,遠東銀,金融保險,1,143231321.74888134
13,存股配息,1227,佳格,食品工業,1,133118625.75
13,存股配息,4968,立積,半導體業,1,127423024.0
13,存股配息,2616,山隆,油電燃氣業,3,122927764.16016197
13,存股配息,2204,中華,汽車工業,1,111179936.0798645
13,存股配息,2867,三商壽,金融保險,1,98719869.1937046
13,存股配息,3014,聯陽,半導體業,1,78910605.0
13,存股配息,6768,志強-KY,運動休閒,1,76823286.76943207
13,存股配息,3010,華立,電子通路業,1,75636642.0
13,存股配息,2211,長榮鋼,鋼鐵工業,1,72181800.0
13,存股配息,2597,潤弘,建材營造,1,71579040.0
13,存股配息,1312,國喬,塑膠工業,1,69023533.28988075
13,存股配息,6757,台灣虎航,航運業,1,60907409.53627014
13,存股配息,1305,華夏,塑膠工業,1,56555734.31580734
13,存股配息,5515,建國,建材營造,1,51858713.60826492
13,存股配息,1409,新纖,紡織纖維,1,46871160.211844444
13,存股配息,2520,冠德,建材營造,1,46401411.99542999
13,存股配息,2201,裕隆,汽車工業,1,43087119.75
13,存股配息,5522,遠雄,建材營造,1,42987805.3251648
13,存股配息,3022,威強電,電腦及週邊設備業,1,39431658.073516846
13,存股配息,9925,新保,其他,2,36871227.151527405
13,存股配息,2836,高雄銀,金融保險,3,36367793.14364624
13,存股配息,1442,名軒,建材營造,1,32557440.45410156
13,存股配息,9940,信義,其他,3,28522751.8621006
13,存股配息,1316,上曜,建材營造,1,25522906.295781136
13,存股配息,2427,三商電,資訊服務業,1,16509007.265148165
13,存股配息,2538,基泰,建材營造,2,15689239.766200066
13,存股配息,6024,群益期,金融保險,1,15455791.784820557
13,存股配息,2302,麗正,半導體業,1,11556614.783872604
13,存股配息,2511,太子,建材營造,1,6351450.150489807
13,存股配息,2537,聯上發,建材營造,1,4630871.313405037
13,存股配息,2015,豐興,鋼鐵工業,1,4506074.353969574
13,存股配息,1617,榮星,電器電纜,1,3380573.5
13,存股配息,2227,裕日車,汽車工業,1,1946752.972393036
13,存股配息,1235,興泰,食品工業,1,355949.9931335449
13,存股配息,5007,三星,鋼鐵工業,1,296578.0039215088
13,存股配息,1269,乾杯,觀光餐旅,1,0.0
13,存股配息,1580,新麥,電機機械,1,0.0
13,存股配息,1584,精剛,其他,1,0.0
13,存股配息,3217,優群,電子零組件業,1,0.0
13,存股配息,3227,原相,半導體業,1,0.0
13,存股配息,4126,太醫,生技醫療業,1,0.0
13,存股配息,4417,金洲,紡織纖維,1,0.0
13,存股配息,4535,至興,電機機械,1,0.0
13,存股配息,4907,富宇,建材營造,1,0.0
13,存股配息,5508,永信建,建材營造,1,0.0
13,存股配息,5523,豐謙,建材營造,1,0.0
13,存股配息,5863,瑞興銀,金融保險,1,0.0
13,存股配息,5864,致和證,金融保險,1,0.0
13,存股配息,6121,新普,電腦及週邊設備業,1,0.0
13,存股配息,6125,廣運,光電業,1,0.0
13,存股配息,6150,撼訊,電腦及週邊設備業,1,0.0
13,存股配息,6154,順發,電子通路業,1,0.0
13,存股配息,6195,詩肯,居家生活,1,0.0
13,存股配息,6284,佳邦,電子零組件業,1,0.0
13,存股配息,6523,達爾膚,生技醫療業,1,0.0
13,存股配息,6596,寬宏藝術,文化創意業,1,0.0
13,存股配息,6643,M31,半導體業,1,0.0
13,存股配息,6703,軒郁,生技醫療業,1,0.0
13,存股配息,6858,愛比科技,電腦及週邊設備業,1,0.0
13,存股配息,8069,元太,光電業,1,0.0
13,存股配息,8433,弘帆,居家生活,1,0.0
26,金融配息,3481,群創,光電業,1,40530196655.84766
26,金融配息,3034,聯詠,半導體業,2,5519728878.0
26,金融配息,2327,國巨*,電子零組件業,1,3706397814.0
26,金融配息,1326,台化,塑膠工業,1,2727154420.727234
26,金融配息,2880,華南金,金融保險,2,2223921066.2703094
26,金融配息,2610,華航,航運業,3,2120142464.3464642
26,金融配息,1301,台塑,塑膠工業,1,1983450060.0
26,金融配息,5871,中租-KY,其他,1,1784179600.0
26,金融配息,2409,友達,光電業,1,1470458902.75
26,金融配息,2886,兆豐金,金融保險,1,1277370707.113655
26,金融配息,2892,第一金,金融保險,1,1156512585.6777248
26,金融配息,2451,創見,半導體業,1,1050367082.0
26,金融配息,2049,上銀,電機機械,1,1001660594.5
26,金融配息,2887,台新新光金,金融保險,1,884487271.0564728
26,金融配息,2884,玉山金,金融保險,1,744867410.0
26,金融配息,2883,凱基金,金融保險,1,739417647.0102997
26,金融配息,1313,聯成,塑膠工業,1,597678763.5
26,金融配息,2377,微星,電腦及週邊設備業,1,517894452.2311249
26,金融配息,2356,英業達,電腦及週邊設備業,1,506115284.9071655
26,金融配息,2385,群光,電子零組件業,1,484277392.0
26,金融配息,6505,台塑化,油電燃氣業,1,300905960.7623291
26,金融配息,1312,國喬,塑膠工業,2,153034997.11379433
26,金融配息,2352,佳世達,電腦及週邊設備業,1,145310028.75
26,金融配息,6005,群益證,金融保險,1,136759927.84677887
26,金融配息,8926,台汽電,油電燃氣業,1,135076130.32907104
26,金融配息,2014,中鴻,鋼鐵工業,1,125720609.23602676
26,金融配息,2855,統一證,金融保險,1,115598680.965065
26,金融配息,2889,國票金,金融保險,1,84484330.44561768
26,金融配息,8213,志超,電子零組件業,1,78539662.41553116
26,金融配息,2753,八方雲集,觀光餐旅,1,32796000.0
26,金融配息,2707,晶華,觀光餐旅,1,21228780.14099121
26,金融配息,1218,泰山,食品工業,1,14847645.605361938
26,金融配息,2820,華票,金融保險,1,13001149.809577942
26,金融配息,6901,鑽石投資,其他,1,11941823.0
26,金融配息,9925,新保,其他,1,11846060.822059631
26,金融配息,3312,弘憶股,電子通路業,1,11778772.548980713
26,金融配息,2062,橋椿,居家生活,1,6408399.887084961
26,金融配息,1234,黑松,食品工業,1,5459120.180427551
26,金融配息,2364,倫飛,電腦及週邊設備業,1,3454530.9838027954
26,金融配息,9944,新麗,其他,1,1311999.969482422
26,金融配息,1259,安心,觀光餐旅,1,0.0
26,金融配息,1580,新麥,電機機械,2,0.0
26,金融配息,3147,大綜,資訊服務業,1,0.0
26,金融配息,3265,台星科,半導體業,1,0.0
26,金融配息,3293,鈊象,文化創意業,1,0.0
26,金融配息,4535,至興,電機機械,1,0.0
26,金融配息,4973,廣穎電通,半導體業,1,0.0
26,金融配息,5530,龍巖,其他,1,0.0
26,金融配息,6015,宏遠證,金融保險,1,0.0
26,金融配息,6016,康和證,金融保險,1,0.0
26,金融配息,6026,福邦證,金融保險,1,0.0
26,金融配息,6147,頎邦,半導體業,2,0.0
26,金融配息,6170,統振,通信網路業,1,0.0
26,金融配息,6174,安碁,電子零組件業,1,0.0
26,金融配息,6763,綠界科技*,數位雲端,1,0.0
26,金融配息,6995,野獸國,其他,1,0.0
26,金融配息,8924,大田,運動休閒,1,0.0
3,光電半導,3711,日月光投控,半導體業,1,14634713662.5
3,光電半導,2409,友達,光電業,1,8629236891.72005
3,光電半導,6285,啟碁,通信網路業,1,7810515632.0
3,光電半導,6282,康舒,電子零組件業,2,6333702400.303574
3,光電半導,6770,力積電,半導體業,1,6044278306.153404
3,光電半導,3231,緯創,電腦及週邊設備業,1,4844801632.0
3,光電半導,6789,采鈺,半導體業,2,4488623109.0
3,光電半導,8028,昇陽半導體,半導體業,1,3554284580.0
3,光電半導,2887,台新新光金,金融保險,1,1857285019.58886
3,光電半導,6919,康霈*,生技醫療業,3,1132403748.7600706
3,光電半導,2027,大成鋼,鋼鐵工業,1,774045908.5824127
3,光電半導,2890,永豐金,金融保險,1,772479636.75
3,光電半導,3715,定穎投控,電子零組件業,1,708591790.5
3,光電半導,1721,三晃,化學工業,2,692874680.6309509
3,光電半導,2436,偉詮電,半導體業,1,619299784.0
3,光電半導,2882,國泰金,金融保險,1,612216470.8146057
3,光電半導,2371,大同,電機機械,1,604652306.969387
3,光電半導,3706,神達,電腦及週邊設備業,1,589061551.1519012
3,光電半導,8438,昶昕,綠能環保,3,479500977.99687195
3,光電半導,3019,亞光,光電業,1,462898800.0
3,光電半導,8464,億豐,居家生活,1,444126360.0
3,光電半導,3406,玉晶光,光電業,1,306623506.0
3,光電半導,3305,昇貿,其他電子業,1,273771865.5
3,光電半導,4956,光鋐,光電業,1,218180610.98648837
3,光電半導,6209,今國光,光電業,1,215571642.0
3,光電半導,4960,誠美材,光電業,2,200545409.0
3,光電半導,3013,晟銘電,電腦及週邊設備業,1,191816077.5
3,光電半導,4961,天鈺,半導體業,1,178750775.0
3,光電半導,9910,豐泰,運動休閒,1,164496753.5
3,光電半導,2912,統一超,貿易百貨,1,148306125.0
3,光電半導,2504,國產,建材營造,1,89272059.34226227
3,光電半導,2903,遠百,貿易百貨,2,86308761.39427376
3,光電半導,2352,佳世達,電腦及週邊設備業,1,67386935.1478138
3,光電半導,5258,虹堡,電腦及週邊設備業,1,67027212.96123505
3,光電半導,2201,裕隆,汽車工業,2,61320072.0018692
3,光電半導,2889,國票金,金融保險,1,60545604.721954346
3,光電半導,3049,精金,光電業,1,56909739.89909935
3,光電半導,3708,上緯投控,綠能環保,1,53136335.0
3,光電半導,2017,官田鋼,鋼鐵工業,1,50986020.0
3,光電半導,6153,嘉聯益,電子零組件業,1,46638502.32858276
3,光電半導,1712,興農,化學工業,2,38361855.68860245
3,光電半導,6869,雲豹能源,綠能環保,1,37090706.4270401
3,光電半導,2915,潤泰全,貿易百貨,1,31775831.91719055
3,光電半導,2034,允強,鋼鐵工業,1,23152422.82873535
3,光電半導,2114,鑫永銓,橡膠工業,3,21920590.280525208
3,光電半導,1231,聯華食,食品工業,2,21753872.0
3,光電半導,2419,仲琦,通信網路業,1,19344248.08869171
3,光電半導,6695,芯鼎,半導體業,1,13992346.944286346
3,光電半導,4414,如興,紡織纖維,3,9109140.0
3,光電半導,2405,輔信,電腦及週邊設備業,1,8804098.289523125
3,光電半導,9103,美德醫療-DR,91,1,7780896.454501152
3,光電半導,2816,旺旺保,金融保險,1,6365803.5
3,光電半導,3311,閎暉,通信網路業,1,6286041.162391663
3,光電半導,1732,毛寶,化學工業,1,4894101.033592224
3,光電半導,1217,愛之味,食品工業,1,3152669.420371056
3,光電半導,2461,光群雷,其他電子業,1,2815715.56615448
3,光電半導,1432,大魯閣,運動休閒,1,1874770.843082428
3,光電半導,2705,六福,觀光餐旅,1,1456202.9350471497
3,光電半導,2102,泰豐,橡膠工業,1,1396620.5
3,光電半導,1475,業旺,紡織纖維,1,1372500.038146973
3,光電半導,4108,懷特,生技醫療業,1,1061115.0
3,光電半導,1414,東和,紡織纖維,1,440447.7104358673
3,光電半導,3494,誠研,電腦及週邊設備業,1,406224.0099334717
3,光電半導,1474,弘裕,紡織纖維,1,120348.81447982788
3,光電半導,2743,山富,觀光餐旅,1,0.0
3,光電半導,3086,華義,文化創意業,1,0.0
3,光電半導,3228,金麗科,半導體業,1,0.0
3,光電半導,3264,欣銓,半導體業,1,0.0
3,光電半導,3287,廣寰科,電腦及週邊設備業,2,0.0
3,光電半導,3357,臺慶科,電子零組件業,1,0.0
3,光電半導,3629,地心引力,文化創意業,1,0.0
3,光電半導,4109,加捷生醫,生技醫療業,1,0.0
3,光電半導,4173,久裕,生技醫療業,1,0.0
3,光電半導,4528,江興鍛,電機機械,1,0.0
3,光電半導,4529,淳紳,其他,1,0.0
3,光電半導,4743,合一,生技醫療業,1,0.0
3,光電半導,5201,凱衛,資訊服務業,1,0.0
3,光電半導,5212,凌網,資訊服務業,1,0.0
3,光電半導,5278,尚凡*,數位雲端,1,0.0
3,光電半導,5309,系統電,電子零組件業,1,0.0
3,光電半導,5347,世界,半導體業,1,0.0
3,光電半導,5512,力麒,建材營造,1,0.0
3,光電半導,5903,全家,居家生活,1,0.0
3,光電半導,6129,普誠,半導體業,1,0.0
3,光電半導,6150,撼訊,電腦及週邊設備業,1,0.0
3,光電半導,6203,海韻電,電子零組件業,1,0.0
3,光電半導,6264,富裔,建材營造,1,0.0
3,光電半導,6266,泰詠,電子零組件業,1,0.0
3,光電半導,6276,安鈦克,電腦及週邊設備業,1,0.0
3,光電半導,6640,均華,半導體業,2,0.0
3,光電半導,7779,鍇睿國際,運動休閒,1,0.0
3,光電半導,8024,佑華,半導體業,1,0.0
3,光電半導,8040,九暘,半導體業,1,0.0
3,光電半導,8049,晶采,光電業,1,0.0
3,光電半導,8069,元太,光電業,1,0.0
3,光電半導,8111,立碁,光電業,1,0.0
3,光電半導,8121,越峰,電子零組件業,1,0.0
3,光電半導,8183,精星,其他電子業,1,0.0
3,光電半導,8403,盛弘,生技醫療業,1,0.0
3,光電半導,8433,弘帆,居家生活,1,0.0
3,光電半導,8450,霹靂,文化創意業,1,0.0
3,光電半導,8928,鉅明,運動休閒,1,0.0
3,光電半導,9957,燁聯,鋼鐵工業,1,0.0
28,電子配息,3037,欣興,電子零組件業,1,18120521760.0
28,電子配息,6669,緯穎,電腦及週邊設備業,1,15201666700.0
28,電子配息,3661,世芯-KY,半導體業,1,11407120945.0
28,電子配息,2404,漢唐,其他電子業,2,6129450086.0
28,電子配息,2887,台新新光金,金融保險,1,2330878667.401325
28,電子配息,2316,楠梓電,電子零組件業,1,400898430.0
28,電子配息,4938,和碩,電腦及週邊設備業,1,260675868.0
28,電子配息,9945,潤泰新,其他,1,117544335.2528801
28,電子配息,4532,瑞智,電機機械,1,55933264.72270393
28,電子配息,3703,欣陸,建材營造,1,33165450.865325928
28,電子配息,9938,百和,其他,1,29787061.95557785
28,電子配息,2460,建通,電子零組件業,1,18108639.272266388
28,電子配息,3052,夆典,建材營造,1,13712152.371240616
28,電子配息,1904,正隆,造紙工業,1,5289165.03125
28,電子配息,2420,新巨,電子零組件業,1,4164056.0
28,電子配息,3260,威剛,半導體業,1,0.0
28,電子配息,6290,良維,電子零組件業,1,0.0
28,電子配息,6721,信實,其他,1,0.0
27,除息基準日,3481,群創,光電業,1,28159936255.5
27,除息基準日,6770,力積電,半導體業,1,13456001163.1081
27,除息基準日,3034,聯詠,半導體業,2,4965860088.0
27,除息基準日,2357,華碩,電腦及週邊設備業,1,2179199374.0
27,除息基準日,2891,中信金,金融保險,1,1229127295.732727
27,除息基準日,2892,第一金,金融保險,2,935273402.4533272
27,除息基準日,6869,雲豹能源,綠能環保,5,408275885.7081604
27,除息基準日,2886,兆豐金,金融保險,1,287180480.6017685
27,除息基準日,2834,臺企銀,金融保險,1,237126235.7781639
27,除息基準日,2880,華南金,金融保險,1,208998428.0392456
27,除息基準日,5880,合庫金,金融保險,1,159629625.35665512
27,除息基準日,9945,潤泰新,其他,1,85600889.8192749
27,除息基準日,2543,皇昌,建材營造,1,40719190.427547455
27,除息基準日,1712,興農,化學工業,1,26463083.44265747
27,除息基準日,1563,巧新,汽車工業,1,12532177.33808899
27,除息基準日,2108,南帝,橡膠工業,1,7047358.02129364
27,除息基準日,1234,黑松,食品工業,1,5459120.180427551
27,除息基準日,3015,全漢,電子零組件業,1,3004999.290977478
27,除息基準日,9943,好樂迪,觀光餐旅,1,2195582.630073548
27,除息基準日,2430,燦坤,電子通路業,1,1912306.3491249084
27,除息基準日,3293,鈊象,文化創意業,1,0.0
27,除息基準日,3360,尚立,電子通路業,1,0.0
27,除息基準日,3413,京鼎,半導體業,1,0.0
27,除息基準日,3583,辛耘,半導體業,1,0.0
27,除息基準日,3611,鼎翰,電腦及週邊設備業,1,0.0
27,除息基準日,6121,新普,電腦及週邊設備業,1,0.0
24,航運運價,2303,聯電,半導體業,3,14022809295.46812
24,航運運價,2308,台達電,電子零組件業,1,13473809055.0
24,航運運價,6213,聯茂,電子零組件業,1,5516084364.0
24,航運運價,2603,長榮,航運業,1,5007448916.0
24,航運運價,2404,漢唐,其他電子業,1,3194574990.0
24,航運運價,6282,康舒,電子零組件業,1,3166851200.151787
24,航運運價,3090,日電貿,電子零組件業,2,1970197456.0
24,航運運價,3044,健鼎,電子零組件業,1,1567646808.0
24,航運運價,2883,凱基金,金融保險,1,1264601780.1424484
24,航運運價,2312,金寶,其他電子業,1,1056240296.0275744
24,航運運價,1216,統一,食品工業,1,499304388.8182449
24,航運運價,3062,建漢,通信網路業,1,450413325.6681213
24,航運運價,1229,聯華,食品工業,1,105843898.99635316
24,航運運價,1215,卜蜂,食品工業,1,90899633.0
24,航運運價,2233,宇隆,汽車工業,1,82063061.5
24,航運運價,1210,大成,食品工業,1,52153447.5
24,航運運價,2302,麗正,半導體業,4,39098898.052539825
24,航運運價,2072,世紀風電,綠能環保,1,29530981.0
24,航運運價,3060,銘異,電腦及週邊設備業,1,22575445.45540237
24,航運運價,4195,基米,生技醫療業,1,16018746.824123384
24,航運運價,2505,國揚,建材營造,2,12197212.567386627
24,航運運價,1108,幸福,水泥工業,1,11356890.04745388
24,航運運價,2520,冠德,建材營造,1,10725412.735927582
24,航運運價,2062,橋椿,居家生活,2,9742590.784900665
24,航運運價,3092,鴻碩,電子零組件業,2,9508884.0
24,航運運價,1227,佳格,食品工業,1,8243165.317237854
24,航運運價,6183,關貿,資訊服務業,1,3051456.0
24,航運運價,3447,展達,通信網路業,1,2128320.0845718384
24,航運運價,1203,味王,食品工業,1,1317219.0
24,航運運價,1103,嘉泥,水泥工業,1,964250.57254982
24,航運運價,1220,台榮,食品工業,1,567408.4175262451
24,航運運價,2024,志聯,鋼鐵工業,1,276274.393573761
24,航運運價,2256,歐特明,其他電子業,1,0.0
24,航運運價,3071,協禧,電腦及週邊設備業,1,0.0
24,航運運價,3081,聯亞,通信網路業,1,0.0
24,航運運價,3097,拍檔,電腦及週邊設備業,1,0.0
24,航運運價,3184,微邦,生技醫療業,1,0.0
24,航運運價,3332,幸康,電子零組件業,1,0.0
24,航運運價,3691,碩禾,光電業,1,0.0
24,航運運價,4163,鐿鈦,生技醫療業,1,0.0
24,航運運價,6194,育富,電子零組件業,1,0.0
24,航運運價,6221,晉泰,資訊服務業,1,0.0
24,航運運價,6242,立康,生技醫療業,1,0.0
24,航運運價,6690,安碁資訊,數位雲端,1,0.0
24,航運運價,6763,綠界科技*,數位雲端,1,0.0
24,航運運價,6857,宏碁智醫,生技醫療業,1,0.0
24,航運運價,6858,愛比科技,電腦及週邊設備業,1,0.0
11,增資減資,2344,華邦電,半導體業,1,20291149935.0
11,增資減資,2327,國巨*,電子零組件業,1,14597772826.0
11,增資減資,4977,眾達-KY,通信網路業,1,4781370051.0
11,增資減資,2890,永豐金,金融保險,3,2317438910.25
11,增資減資,2474,可成,其他電子業,2,2021262604.5
11,增資減資,2883,凱基金,金融保險,2,1478835294.0205994
11,增資減資,3376,新日興,電子零組件業,1,1429234191.0
11,增資減資,2884,玉山金,金融保險,1,1174652992.2354507
11,增資減資,6005,群益證,金融保險,3,1082388093.8503647
11,增資減資,2882,國泰金,金融保險,1,612216470.8146057
11,增資減資,2338,光罩,半導體業,1,241530376.0254593
11,增資減資,6869,雲豹能源,綠能環保,2,236377862.5
11,增資減資,6757,台灣虎航,航運業,2,167018109.1539688
11,增資減資,2442,新美齊,建材營造,2,138247046.59760284
11,增資減資,2206,三陽工業,汽車工業,1,25903535.719696045
11,增資減資,4104,佳醫,生技醫療業,1,19224493.978530884
11,增資減資,1218,泰山,食品工業,1,10200406.410675049
11,增資減資,2477,美隆電,其他電子業,1,5167686.99798584
11,增資減資,2438,翔耀,光電業,2,2569422.5
11,增資減資,6598,ABC-KY,生技醫療業,1,1390948.0
11,增資減資,2024,志聯,鋼鐵工業,1,131875.10312461853
11,增資減資,5009,榮剛,鋼鐵工業,1,0.0
11,增資減資,6276,安鈦克,電腦及週邊設備業,1,0.0
11,增資減資,6763,綠界科技*,數位雲端,1,0.0
11,增資減資,6891,樂迦再生,生技醫療業,1,0.0
11,增資減資,7516,清淨海,其他,1,0.0
15,晶片政策,2330,台積電,半導體業,1,37896478125.0
15,晶片政策,2449,京元電子,半導體業,1,5183635446.0
15,晶片政策,2027,大成鋼,鋼鐵工業,5,3668393773.3235397
15,晶片政策,6526,達發,半導體業,1,1029873492.0
15,晶片政策,2030,彰源,鋼鐵工業,5,351829318.79509926
15,晶片政策,8110,華東,半導體業,1,241018232.38895416
15,晶片政策,9921,巨大,運動休閒,1,206968808.43608093
15,晶片政策,1101,台泥,水泥工業,1,175891199.89294052
15,晶片政策,2031,新光鋼,鋼鐵工業,3,31732548.583969116
15,晶片政策,2201,裕隆,汽車工業,1,30660036.0009346
15,晶片政策,2206,三陽工業,汽車工業,1,25903535.719696045
15,晶片政策,2029,盛餘,鋼鐵工業,4,19912800.580307007
15,晶片政策,2028,威致,鋼鐵工業,5,9993485.253702164
15,晶片政策,2032,新鋼,鋼鐵工業,1,6017904.0
15,晶片政策,2033,佳大,鋼鐵工業,1,1725920.0408935547
15,晶片政策,2025,千興,鋼鐵工業,1,1671360.999616623
15,晶片政策,2524,京城,建材營造,1,1383454.0211219788
15,晶片政策,2035,唐榮公司,鋼鐵工業,9,0.0
15,晶片政策,3083,網龍,文化創意業,1,0.0
15,晶片政策,4529,淳紳,其他,1,0.0
10,基本面,2327,國巨*,電子零組件業,1,10963942690.0
10,基本面,4958,臻鼎-KY,電子零組件業,1,10096994336.0
10,基本面,2303,聯電,半導體業,1,9718874929.232948
10,基本面,2049,上銀,電機機械,1,3541487187.5
10,基本面,2059,川湖,電子零組件業,1,2780983450.0
10,基本面,2002,中鋼,鋼鐵工業,3,2046769239.1948433
10,基本面,3034,聯詠,半導體業,1,1957080715.0
10,基本面,2356,英業達,電腦及週邊設備業,1,858650507.2663193
10,基本面,6831,邁科,電腦及週邊設備業,1,802993750.0
10,基本面,2883,凱基金,金融保險,1,667049526.2353477
10,基本面,2834,臺企銀,金融保險,2,595420607.1405306
10,基本面,2207,和泰車,汽車工業,2,499193905.0
10,基本面,2385,群光,電子零組件業,1,393823564.0
10,基本面,1102,亞泥,水泥工業,1,326384317.5
10,基本面,3035,智原,半導體業,1,253167468.0
10,基本面,4763,材料*-KY,化學工業,2,198417210.4999924
10,基本面,2889,國票金,金融保險,3,190607197.3392868
10,基本面,1101,台泥,水泥工業,1,175891199.89294052
10,基本面,2504,國產,建材營造,2,173355840.0
10,基本面,5534,長虹,建材營造,3,150448295.96772003
10,基本面,2365,昆盈,電腦及週邊設備業,1,138373205.25
10,基本面,2401,凌陽,半導體業,1,70540654.702425
10,基本面,9941,裕融,其他,1,61766663.57661438
10,基本面,1314,中石化,塑膠工業,1,59419734.09841013
10,基本面,3049,精金,光電業,1,56909739.89909935
10,基本面,9938,百和,其他,1,55388592.0615921
10,基本面,1256,鮮活果汁-KY,食品工業,1,48718470.0
10,基本面,9933,中鼎,其他,1,47476631.19020844
10,基本面,9105,泰金寶-DR,91,1,42714585.759551525
10,基本面,2323,中環,光電業,1,41714854.13222122
10,基本面,2707,晶華,觀光餐旅,1,32653403.76544189
10,基本面,2206,三陽工業,汽車工業,1,25903535.719696045
10,基本面,2614,東森,其他,1,24344166.0
10,基本面,2023,燁輝,鋼鐵工業,1,19185832.247257236
10,基本面,3622,洋華,光電業,1,17935200.485229492
10,基本面,4119,旭富,生技醫療業,1,16896222.0
10,基本面,4137,麗豐-KY,生技醫療業,1,12563094.5
10,基本面,2032,新鋼,鋼鐵工業,1,9780561.924816132
10,基本面,9103,美德醫療-DR,91,1,7780896.454501152
10,基本面,2069,運錩,鋼鐵工業,1,6036471.23085022
10,基本面,3056,富華新,建材營造,1,4936439.259469986
10,基本面,9940,信義,其他,1,4771137.090549469
10,基本面,2616,山隆,油電燃氣業,1,3044088.085384369
10,基本面,9930,中聯資源,綠能環保,1,2066604.9095153809
10,基本面,2538,基泰,建材營造,1,984974.25
10,基本面,4999,鑫禾,電子零組件業,1,702645.0128555298
10,基本面,3357,臺慶科,電子零組件業,1,0.0
10,基本面,4157,太景*-KY,生技醫療業,1,0.0
10,基本面,4538,大詠城,電機機械,1,0.0
10,基本面,5014,建錩,鋼鐵工業,3,0.0
10,基本面,6462,神盾,半導體業,1,0.0
10,基本面,6492,生華科,生技醫療業,1,0.0
10,基本面,6797,圓點奈米,生技醫療業,1,0.0
10,基本面,6820,連訊,通信網路業,3,0.0
10,基本面,6844,諾貝兒,生技醫療業,1,0.0
10,基本面,7827,漢康-KY,生技醫療業,1,0.0
10,基本面,8277,商丞,半導體業,1,0.0
10,基本面,8415,大國鋼,鋼鐵工業,1,0.0
10,基本面,8936,國統,其他,1,0.0
10,基本面,8938,明安,運動休閒,1,0.0
25,違約交割,2408,南亞科,半導體業,1,36244984958.0
25,違約交割,2449,京元電子,半導體業,1,5183635446.0
25,違約交割,2504,國產,建材營造,1,47581927.65376282
25,違約交割,1218,泰山,食品工業,1,10200406.410675049
25,違約交割,1104,環泥,水泥工業,1,9980835.714746475
25,違約交割,1217,愛之味,食品工業,2,6794287.26640129
25,違約交割,1201,味全,食品工業,1,1748209.75
25,違約交割,1203,味王,食品工業,1,1317219.0
25,違約交割,1103,嘉泥,水泥工業,1,964250.57254982
25,違約交割,1110,東泥,水泥工業,1,630889.9919509888
25,違約交割,1815,富喬,電子零組件業,1,0.0
25,違約交割,2733,維格餅家,觀光餐旅,1,0.0
25,違約交割,7792,安葆,其他電子業,1,0.0
14,日內交易,2313,華通,電子零組件業,2,32629231100.0
14,日內交易,2402,毅嘉,電子零組件業,2,1618564373.7495575
14,日內交易,2399,映泰,電腦及週邊設備業,2,1405679653.3840942
14,日內交易,2615,萬海,航運業,7,1299728380.0231018
14,日內交易,2891,中信金,金融保險,1,1229127295.732727
14,日內交易,1301,台塑,塑膠工業,1,1050374038.5
14,日內交易,3055,蔚華科,電子通路業,1,455555100.0
14,日內交易,1326,台化,塑膠工業,1,241362826.1861801
14,日內交易,6177,達麗,建材營造,2,56000226.4919281
14,日內交易,3545,敦泰,半導體業,1,51831911.25104904
14,日內交易,6869,雲豹能源,綠能環保,1,37090706.4270401
14,日內交易,1325,恆大,塑膠工業,1,4100915.134334564
16,法說會,6770,力積電,半導體業,3,19617000722.36738
16,法說會,3231,緯創,電腦及週邊設備業,1,4844801632.0
16,法說會,2303,聯電,半導體業,1,4354585874.84967
16,法說會,3008,大立光,光電業,1,887237580.0
16,法說會,7780,大研生醫*,食品工業,2,76177182.00548553
16,法說會,2207,和泰車,汽車工業,1,62550375.0
16,法說會,3530,晶相光,半導體業,1,62002129.06871796
16,法說會,1451,年興,紡織纖維,1,1395601.28159523
16,法說會,2071,震南鐵,鋼鐵工業,1,0.0
16,法說會,4743,合一,生技醫療業,1,0.0
16,法說會,5278,尚凡*,數位雲端,2,0.0
16,法說會,6231,系微,資訊服務業,1,0.0
16,法說會,6547,高端疫苗,生技醫療業,1,0.0
17,特殊題材,1802,台玻,玻璃陶瓷,1,6654041640.0
17,特殊題材,8033,雷虎,其他,2,6356426536.0
17,特殊題材,2360,致茂,其他電子業,1,5311227600.0
17,特殊題材,9904,寶成,運動休閒,5,1575276507.0973377
17,特殊題材,1326,台化,塑膠工業,1,1510197707.2812424
17,特殊題材,2412,中華電,通信網路業,1,1256989546.0
17,特殊題材,6446,藥華藥,生技醫療業,1,1073579164.0
17,特殊題材,3008,大立光,光電業,1,788735640.0
17,特殊題材,3149,正達,光電業,1,504519957.6526718
17,特殊題材,2633,台灣高鐵,航運業,6,459906129.07967186
17,特殊題材,2474,可成,其他電子業,1,271756815.0
17,特殊題材,2465,麗臺,電腦及週邊設備業,1,145708896.55007935
17,特殊題材,1536,和大,汽車工業,1,120062331.0
17,特殊題材,3545,敦泰,半導體業,1,109975241.84918976
17,特殊題材,9921,巨大,運動休閒,1,98184852.77320862
17,特殊題材,2030,彰源,鋼鐵工業,1,95772498.3206749
17,特殊題材,1215,卜蜂,食品工業,1,90899633.0
17,特殊題材,1314,中石化,塑膠工業,1,59419734.09841013
17,特殊題材,2332,友訊,通信網路業,1,43015516.319275856
17,特殊題材,9919,康那香,其他,3,30731724.787210464
17,特殊題材,1440,南紡,紡織纖維,1,19187331.341609
17,特殊題材,9103,美德醫療-DR,91,1,7780896.454501152
17,特殊題材,4414,如興,紡織纖維,2,6072760.0
17,特殊題材,4142,國光生,生技醫療業,1,5783958.525363922
17,特殊題材,6743,安普新,其他電子業,1,5400840.0
17,特殊題材,1460,宏遠,紡織纖維,1,5395761.466972828
17,特殊題材,2020,美亞,鋼鐵工業,1,4895858.0
17,特殊題材,1533,車王電,汽車工業,1,3604831.9107055664
17,特殊題材,1325,恆大,塑膠工業,1,3262568.308822632
17,特殊題材,1451,年興,紡織纖維,1,1395601.28159523
17,特殊題材,2013,中鋼構,鋼鐵工業,1,1225814.9560928345
17,特殊題材,6936,永鴻生技,生技醫療業,1,715049.9839782715
17,特殊題材,1530,亞崴,電機機械,1,483496.156999588
17,特殊題材,8442,威宏-KY,其他,1,104434.0
17,特殊題材,2073,雄順,鋼鐵工業,1,0.0
17,特殊題材,2756,聯發國際,觀光餐旅,1,0.0
17,特殊題材,2949,欣新網,數位雲端,1,0.0
17,特殊題材,3293,鈊象,文化創意業,1,0.0
17,特殊題材,3357,臺慶科,電子零組件業,1,0.0
17,特殊題材,4171,瑞基,農業科技業,1,0.0
17,特殊題材,4433,興采,紡織纖維,1,0.0
17,特殊題材,6188,廣明,電腦及週邊設備業,3,0.0
17,特殊題材,6222,立軒,光電業,1,0.0
17,特殊題材,6748,亞果生醫,生技醫療業,1,0.0
17,特殊題材,6784,天凱科技,通信網路業,1,0.0
17,特殊題材,7566,亞果遊艇,觀光餐旅,1,0.0
22,股東紀念品,3711,日月光投控,半導體業,1,5933454373.0
22,股東紀念品,2891,中信金,金融保險,3,5658578109.232727
22,股東紀念品,6239,力成,半導體業,2,5383578180.0
22,股東紀念品,2887,台新新光金,金融保險,1,1534695547.688507
22,股東紀念品,2885,元大金,金融保險,1,1256537143.0968475
22,股東紀念品,2002,中鋼,鋼鐵工業,1,1249001753.869772
22,股東紀念品,2890,永豐金,金融保險,2,1213649637.5809097
22,股東紀念品,2603,長榮,航運業,1,1193152680.0
22,股東紀念品,2353,宏碁,電腦及週邊設備業,2,810752065.7293053
22,股東紀念品,2880,華南金,金融保險,1,539158480.0
22,股東紀念品,2474,可成,其他電子業,1,271756815.0
22,股東紀念品,2609,陽明,航運業,1,257455673.7128105
22,股東紀念品,1503,士電,電機機械,1,205123500.0
22,股東紀念品,2812,台中銀,金融保險,1,162131245.5
22,股東紀念品,2616,山隆,油電燃氣業,1,50338897.68002701
22,股東紀念品,2206,三陽工業,汽車工業,1,47452037.28949356
22,股東紀念品,1904,正隆,造紙工業,1,38897442.5
22,股東紀念品,2727,王品,觀光餐旅,1,31888600.0
22,股東紀念品,1723,中碳,化學工業,1,30749950.0
22,股東紀念品,2913,農林,貿易百貨,1,28252946.41716289
22,股東紀念品,1201,味全,食品工業,1,10188358.946986198
22,股東紀念品,1217,愛之味,食品工業,1,6272248.344753265
22,股東紀念品,2705,六福,觀光餐旅,1,1395421.5
22,股東紀念品,7705,三商餐飲,觀光餐旅,1,1347330.6593322754
22,股東紀念品,1203,味王,食品工業,1,574622.9801177979
22,股東紀念品,4950,金耘國際,鋼鐵工業,1,0.0
22,股東紀念品,8436,大江,生技醫療業,1,0.0
5,加密貨幣,2451,創見,半導體業,4,12006180687.0
5,加密貨幣,2399,映泰,電腦及週邊設備業,1,702839826.6920471
5,加密貨幣,1905,華紙,造紙工業,3,70251242.71269798
5,加密貨幣,2023,燁輝,鋼鐵工業,2,45538442.0
5,加密貨幣,2453,凌群,資訊服務業,1,7493019.794719696
5,加密貨幣,6625,必應,其他,2,5709038.0
5,加密貨幣,2020,美亞,鋼鐵工業,1,4895858.0
5,加密貨幣,3260,威剛,半導體業,4,0.0
5,加密貨幣,6150,撼訊,電腦及週邊設備業,1,0.0
12,大盤指數,1717,長興,化學工業,2,3244057180.9373856
12,大盤指數,2352,佳世達,電腦及週邊設備業,3,541928020.0397873
12,大盤指數,2204,中華,汽車工業,5,273902085.6970215
12,大盤指數,2009,第一銅,鋼鐵工業,1,109411293.25
12,大盤指數,1342,八貫,其他,1,90862650.74221802
12,大盤指數,2211,長榮鋼,鋼鐵工業,1,63175046.60209656
12,大盤指數,1707,葡萄王,生技醫療業,2,44975039.0
12,大盤指數,8213,志超,電子零組件業,1,34190642.09636307
12,大盤指數,2020,美亞,鋼鐵工業,2,25536243.682617188
12,大盤指數,1440,南紡,紡織纖維,1,20812956.0
12,大盤指數,4164,承業醫,生技醫療業,1,15421767.437885284
12,大盤指數,2013,中鋼構,鋼鐵工業,1,12665854.5
12,大盤指數,2636,台驊控股,航運業,1,9050570.004394531
12,大盤指數,4438,廣越,紡織纖維,2,5972144.0
12,大盤指數,1464,得力,紡織纖維,1,5459452.0
12,大盤指數,1720,生達,生技醫療業,1,5357142.0
12,大盤指數,2440,太空梭,電子零組件業,1,4278966.0
12,大盤指數,2017,官田鋼,鋼鐵工業,1,2425884.1703281403
12,大盤指數,1455,集盛,紡織纖維,1,2270426.681201935
12,大盤指數,1730,花仙子,化學工業,1,2208086.0
12,大盤指數,2314,台揚,通信網路業,1,1678730.8493766785
12,大盤指數,1417,嘉裕,紡織纖維,1,540054.2239551544
12,大盤指數,3266,昇陽,建材營造,1,272000.00762939453
12,大盤指數,1475,業旺,紡織纖維,1,221600.0061035156
12,大盤指數,2024,志聯,鋼鐵工業,1,191144.09751987457
12,大盤指數,1268,漢來美食,觀光餐旅,1,0.0
12,大盤指數,2065,世豐,鋼鐵工業,2,0.0
12,大盤指數,2070,精湛,電機機械,1,0.0
12,大盤指數,6204,艾華,電子零組件業,1,0.0
12,大盤指數,6208,日揚,半導體業,1,0.0
12,大盤指數,6723,傑智環境,綠能環保,1,0.0
19,生技新藥,6446,藥華藥,生技醫療業,2,1807522844.0
19,生技新藥,1101,台泥,水泥工業,1,175891199.89294052
19,生技新藥,1718,中纖,化學工業,1,17747744.59848404
19,生技新藥,6550,北極星藥業-KY,生技醫療業,1,15868424.157260897
19,生技新藥,4133,亞諾法,生技醫療業,2,7751352.0
19,生技新藥,2017,官田鋼,鋼鐵工業,1,2425884.1703281403
19,生技新藥,4108,懷特,生技醫療業,1,1431184.219780922
19,生技新藥,8442,威宏-KY,其他,1,104434.0
19,生技新藥,6547,高端疫苗,生技醫療業,6,0.0
19,生技新藥,6696,仁新,生技醫療業,3,0.0
6,勞退基金,6152,百一,通信網路業,1,82077994.79840851
6,勞退基金,2023,燁輝,鋼鐵工業,1,73604657.62844467
6,勞退基金,2024,志聯,鋼鐵工業,1,198264.0
6,勞退基金,1780,立弘,生技醫療業,1,0.0
6,勞退基金,2643,捷迅,航運業,1,0.0
6,勞退基金,5398,慕康生醫,其他,1,0.0
